order_id,product_id,quantity,customer_id,order_date
85165607-69b3-4f75-91eb-067419001571,1AT9FC6UN05,3,01HQP4D6BGCSYFV1M6R73B6ZY7,2023-08-13
bb936a82-9ecf-4890-8ece-155c7cd2c63a,1CD5QJ9DE22,100,01HQP4D60KSRN65ZMVCMXG749Z,2024-02-04
612e599e-d3f1-4a70-9aee-0fd8b69514b0,1CD5QJ9DE22,55,01HQP4D1BGRZNWZN127JZMF627,2023-08-11
e12d5e67-9a6b-421d-86b7-5392d682853e,1CD5QJ9DE22,73,01HQP4D4WJA58B23DAWVK53JC8,2023-03-06
1a0eb4a4-c7ca-4e65-8faa-2202584f1bf0,1D22FP6FQ23,41,01HQP4D321RC1CGNREYZAZJDSD,2023-06-08
5c0bb2bd-bb51-4885-bc96-8b4767cb85fc,1D54NM0XV43,2,01HQP4D4890K3CWQW2JSP46DSQ,2023-06-02
04fb44c4-9197-4e8a-a72a-0161da4e0b49,1DA6RG8RP66,67,01HQP4D6QCVYC8C5YEGSZD8WF1,2023-06-23
e11f1f58-7ded-4d57-b2ec-677fde0f716a,1DA6RG8RP66,7,01HQP4CZRTG3C2Q7YT1XF4FB24,2023-04-14
22b0cd09-e117-4b90-8925-bc02c6c496fa,1DC6MQ6EE31,88,01HQP4D2TBYAWYY5AFYS7SK90T,2023-11-11
7c3e08de-f9e5-4691-abad-1af10a515a89,1DW6N60KX24,15,01HQP4D6QCVYC8C5YEGSZD8WF1,2024-01-03
6a7d2792-7723-4657-b17f-bdd63f59ae4b,1E18CV8KY44,28,01HQP4D6PZNPS3B58RNHY06J7Y,2023-12-18
07de224d-997a-43d3-8c69-1ea17d220b95,1E18CV8KY44,52,01HQP4D4H29Z6TYATCN9XQDTKJ,2023-09-06
7151b477-834c-448b-b73b-f5899f6a3422,1E64EM2GH88,91,01HQP4D798WSB8VNPPPHYSPHYY,2023-07-27
1b012f4c-72a2-46f9-8748-87506a78bd6b,1E64EM2GH88,59,01HQP4D2ZKHNYJ0SA5JR65MQ4W,2023-06-29
665c0b45-46b4-43bf-a782-adda0f0d9b32,1EA2TE9YW31,90,01HQP4D6KPQV8N13B9NX37PZ7V,2023-06-30
05b77487-3f31-4d92-b459-6453926a442f,1EK3HG2VD35,31,01HQP4D5AJ4KCZ05690MMJM6RP,2023-07-06
904f0235-7258-47d6-b6a7-4ba055d45727,1EK3HG2VD35,2,01HQP4D2V9FPZ4D6NJFB3E0EY1,2024-02-26
0a201af6-56d0-46d1-b5ba-f34b147d273f,1EM0JG5FQ43,48,01HQP4D474FYH54NFT5B0KXJAK,2023-11-05
8812a537-a1de-4c61-8501-0515ae8e9a6b,1EM0JG5FQ43,76,01HQP4D50MZYVQ6ME00EM3E6VE,2024-02-04
9a29b169-d399-4b80-80da-ccc89afc2bba,1EM0JG5FQ43,51,01HQP4D48QETRH97NX2V4TB99K,2023-04-02
ba566260-91f0-4a22-9b3a-0b917551e199,1EP3U22MP59,81,01HQP4D34RKAV4GDSA9N6E7Y2X,2023-12-03
ea13555d-5aea-4ef4-b4ce-e1c821c0c19b,1EP3U22MP59,80,01HQP4D5B6Y710HK4ZQ026CKVQ,2023-11-21
74248f26-84a8-42a2-a04e-b612580e7869,1EW2R65AA04,69,01HQP4D541H57DHFDDVRYTFRGK,2023-03-25
4398f5a0-6b04-470d-9718-ad8dda5be704,1F11VK4RQ38,53,01HQP4D5BF68E5KBK27ABBX044,2023-04-26
c1b44847-6779-4db5-bc9f-b956369d5a5e,1F11VK4RQ38,53,01HQP4D59MPXE11H1K0E9GXYDN,2023-10-17
b6529c0c-9458-4248-9bc3-0e140c46c87e,1FC5FN3HK46,88,01HQP4CZS6TAB42VFCJJSEYVA9,2023-06-01
739e9aa0-fec8-4e25-ad52-4e95cf6cb94d,1FC5FN3HK46,83,01HQP4D5A4Y9E0QM299PHEAZC3,2023-06-15
efb16203-df1f-4cac-a181-ea948b906cf1,1FE1RT6KH53,96,01HQP4D6AE78YJN8MGNQRQK6V1,2023-03-19
7c63649f-8769-44bd-ade9-8581fa33f379,1FE1RT6KH53,31,01HQP4D2VMM100ERKDQ0GS7G0X,2024-02-17
6b1017cc-eb28-42e8-a1bd-f54fe8105104,1FV3NC3ND01,16,01HQP4D6D9Z8ACF5BEBWSJCGB7,2023-09-22
984deaae-1abb-4f95-adca-4b1d534297d4,1FV3NC3ND01,5,01HQP4D5B8WTSEJJXG43FRXFVJ,2023-09-29
1b0980e7-f662-4bb1-a46c-de25dc7123cc,1FV3NC3ND01,6,01HQP4D5ADG024W0B01ZJKGDWA,2023-08-01
54f984e6-a725-4c43-b236-905421e3716d,1G44EJ8TJ08,32,01HQP4D30QZSNE49XVSSSZDZ6M,2023-06-06
812fd2c0-59bc-49c5-9405-da53c589f5a6,1G44EJ8TJ08,37,01HQP4D180Q9MWK0TQ9Y4RD7BV,2024-02-09
bc6ea103-e58e-4f1a-80c6-225bbd85b701,1GD3CH0TC85,90,01HQP4D50P1KKK7JRN3YHKE0P2,2023-05-11
e15d00e5-dac2-4d38-bf77-b1d240341662,1GJ8UA4WH44,21,01HQP4D54F1FP8FYXKN349T6KG,2023-07-05
497d39e0-bfc6-4e9a-a9c3-7c613f1c3ab4,1H07DF7PP71,73,01HQP4D6PPBEXTSZPKWH64AYTT,2024-02-14
f104bf61-f61f-4bd8-8976-6f473b9fbbfc,1HR7MY3DP49,89,01HQP4D78TZCX81X42WB78345R,2023-09-07
fc5ebd84-bdf8-4b0b-a676-bfddfff72274,1HR7MY3DP49,87,01HQP4D4MNP8SY9DZ5C1Y6P509,2023-03-25
1504131b-47f5-48c5-9425-16a37a0bc875,1JC7FK2FH11,84,01HQP4D40MNYJNVB84QQY9A4HX,2024-02-15
6d49a3df-dc8f-411b-8f3b-df5dd179e661,1K14TY2GE14,95,01HQP4D6M5N0XP4R9NZZJAF5R5,2023-08-27
31146ac6-a8be-4911-b340-2ff027f4fb2a,1K69WR7QD83,29,01HQP4D34F50C7AETX004310EW,2024-01-05
eb441156-3bfb-4d1e-98cd-2986845756ab,1K69WR7QD83,68,01HQP4D5ZP9FPFPCG8D764R6JJ,2023-10-11
68f1003a-37c3-46ab-ba55-597517ab94bb,1K86J51FP88,67,01HQP4D60VAM55JBX1A6WCS3YX,2023-09-02
08f6979f-de60-4e69-849e-7027ce25b701,1K86J51FP88,54,01HQP4D40P08Y9RY57YCKMVT1V,2023-03-19
6ab91fee-e2ce-4f9d-8c14-3f8fd1ad4126,1KJ7GK7RR82,66,01HQP4D5Z9VMY5Q6VZFTFJFT7M,2023-04-11
411e7c70-24ac-4ae5-87de-e9345edbcebf,1KT1CG4EU68,62,01HQP4D1C43JTPQ0GFBB6V6PBV,2024-01-28
f74c5c14-095b-4eae-959a-a278b85f7775,1KU4PN8FU70,4,01HQP4D35AGTABNVNP2M12GX45,2023-04-25
33c6c8e9-44cb-46ed-ac4b-32ea42927440,1KU4PN8FU70,97,01HQP4D6EBMA6FEY5RZW3CKBD7,2023-12-18
1152331a-792a-445b-9238-98059bff5e83,1KU4PN8FU70,25,01HQP4D2VZYR34GJH15YNZTNJZ,2023-06-07
009e9fe3-9b63-4a48-b19e-ef4a2a686c45,1KU4PN8FU70,68,01HQP4D5AEK7GA138S6KXCEN81,2023-05-26
5c1df8e4-687a-410b-b251-c86b776b1d28,1KW3YF4EC69,60,01HQP4D7A39P0P1D5XK0QKDJYZ,2023-06-10
140e1fe3-5c53-41c9-8043-e1401d696650,1KX3HJ0KH41,66,01HQP4D4HHZNZXFAVV5T8J57E9,2023-03-18
f04bdd09-5461-4535-9213-1d320d47c213,1KX3HJ0KH41,52,01HQP4D34PYQCNK67K7G8KNWJC,2024-01-11
4f09fadc-d1d2-43f7-894e-2d365deb89ab,1KY4KP6FT10,38,01HQP4D4GRGAXBQS8589HQGAZP,2023-06-21
765ec134-50e9-46dd-800b-d46669bd34f1,1M00RM1RQ03,88,01HQP4D30FM9HB6W93KE6HE74E,2023-07-20
ef9ad9ef-233b-4785-b2e0-af61ccc660b6,1MG5J33DQ09,29,01HQP4D53MKKN9H2FM2RC6CZ5E,2023-03-18
7f4b9174-0981-4ec8-a923-73524b29e744,1NW1NY0PP73,57,01HQP4D4MV3T2RE094CYEXB2GK,2023-08-02
5480938b-30a0-4a89-94d5-892e653e012a,1PV1YY8VP72,35,01HQP4D02W8E1VCER9PZK5EYDF,2023-05-30
c18ff9c7-3e2b-4a30-adcf-64bc7ae35af3,1PV1YY8VP72,35,01HQP4D5Z4W847T8R2BAZ6JM3P,2023-08-16
5bbb496e-649d-4b54-a5fe-042642a3df7a,1PW0T43NM59,74,01HQP4D5BAZEX5YGEKD0Q3XAC4,2023-10-11
a22c61c5-c4a4-4331-aa56-162dd8a6cffb,1Q00U79RQ92,16,01HQP4D34Y6W3HTEBCSDMN2BGP,2023-12-02
0b9fcb70-3357-4039-9794-1b4bd557f2e1,1QV1FJ6KQ49,30,01HQP4D54YSMQP43EP8TNQJD6D,2023-03-18
03a94f50-4a27-4ae7-8953-41fea5b04a57,1QV1FJ6KQ49,56,01HQP4D1BJ5BZ086QEWK17PS2F,2023-09-16
56b5aea1-9a87-41ec-8838-34a530798cc8,1R23DY0QV25,14,01HQP4D5A02YX4KJF6TXW5YQTZ,2024-02-11
54a1cab8-f91c-4643-a537-2389740d45c1,1RH8MJ7TY00,27,01HQP4D6DTKDJ1NEYR1N6EQE3T,2023-10-02
96964336-0a6d-4567-ad5d-f3ed4ec90c9e,1RH8MJ7TY00,76,01HQP4D4SZBQ3NC59TMMKYHWJD,2023-07-07
f58db3fb-6f38-4056-b261-6d1b5f69742e,1RW7N51AM55,22,01HQP4D482JVQPQA2SNQ4PV35Z,2023-10-04
cf9e74e7-707a-4cb2-add6-9396313c29bc,1TD4HH9DT66,85,01HQP4D2TJ2QRVTJPQE30F821C,2023-08-07
61333487-3df5-4f24-ade2-d4e181e4945e,1TD4HH9DT66,78,01HQP4D5AGFHAQSGAKK22VXBF5,2023-07-28
cd043614-802e-4a07-9afd-1bc2fe95ec6a,1TT9QH4NY95,25,01HQP4D2W3CVBXXZ9ZC6J1HPQA,2023-12-21
4294e2c5-5b9a-4669-9116-c5c00d42f701,1TT9QH4NY95,20,01HQP4D4SCZJ5T2P2X23NZ63Z2,2023-08-03
67abb575-461d-4eec-966f-edd60f29c4ac,1UD9YC5EA17,75,01HQP4D50054KJBFVMBWNJD917,2023-11-28
d862d5ca-aefa-41ef-9e30-8399d59ad855,1UD9YC5EA17,18,01HQP4D50MPKTFX2F1TWNF75VK,2024-01-08
feeaba5e-c160-48d8-8a6f-8b1164dcb734,1UD9YC5EA17,71,01HQP4D4VZM5840N01SRATT8Q1,2023-10-07
15d3d45f-66d6-4649-8b59-dc3515407e43,1UG1YP3NW05,71,01HQP4D6D6YQ0380VQZSY5XVEH,2023-10-18
86914a12-71d4-4284-8e07-1b639fae1054,1UG9RX8HY49,57,01HQP4D50JYZ532Q8MWD0PKX1A,2024-01-22
a9f5b7b9-5bf7-4cb2-8426-690a613dd336,1V11GK0UX94,88,01HQP4D5AS2VKW51ZF00REHH7Z,2023-09-27
619a0d43-c728-468a-ae27-f1bb88a14369,1V55GE7CU41,57,01HQP4D6DX3GS6KSN8F28EDCN8,2023-10-02
dac6d82c-3051-468e-85fd-25e44ad8d7f0,1VA4GW7TK38,23,01HQP4D6JY5DEM2G87HPVTPTT1,2023-03-02
5a98cee6-9880-49fa-8ff0-e860ab27c6f2,1VA4GW7TK38,51,01HQP4D4TDHVSXDN0P034HTAJX,2023-05-29
89dac2fc-2f52-42a9-bba2-14cbf448e8e7,1VA4GW7TK38,48,01HQP4D34PYQCNK67K7G8KNWJC,2023-03-12
79740121-0872-42f2-97be-b632de89fc2c,1VP3X75GX09,64,01HQP4D1857T41245CK7BES2YY,2023-07-12
01eb445a-274a-40ed-9243-719529efeb21,1VP3X75GX09,81,01HQP4D327YTF97P3R681TD4CV,2023-11-20
48b451c6-6d7f-4cc0-950c-3b989329e984,1VP3X75GX09,54,01HQP4D6BTAB2C6ERYN75AE8G7,2023-08-19
c97fd055-02ef-474d-a5d5-804ebe79f74d,1VP5N69CD37,44,01HQP4D02MXNHYB7D2X4QVVGQB,2023-07-06
1e0c7d1c-b835-4023-be84-280f47d0421e,1VR9RD2WF74,35,01HQP4D40KWRK2DHSQQV1HHRXH,2023-03-07
765b7879-1378-4ac6-8334-db6ac5079872,1VY5X56HD78,39,01HQP4D1BRZWF6W283CNBWBXY5,2023-08-09
4b11ac3e-c052-4376-a121-03912ce9d16b,1VY5X56HD78,53,01HQP4D4709BETY52JMDBQF3HP,2023-03-05
f0c5a39c-41e5-42ae-981d-83c5bd4f149b,1W01T69JE65,34,01HQP4D5504BH6SBMYKSRJDJMH,2023-08-25
fa1af6e4-3cd2-434b-bf0b-57d54571db2d,1W11XF2TG62,49,01HQP4D5BBN3NGPYNKJ92GKPDN,2023-09-26
bd9e9353-0f98-4f66-9a60-5dc974b5826b,1W11XF2TG62,69,01HQP4D179TW3F633CHP57YX53,2023-04-30
2e5e87e2-f195-43d8-b2ab-018fdf6d2b44,1WH9JU6CN73,16,01HQP4D6FQAZK7HVY6Z977F7R3,2023-03-10
1050a94c-315c-4047-8c67-e3aab5571464,1WM1JK8UM13,62,01HQP4D50GNE125JKRHY1GRJE3,2023-05-12
d8b43aff-254e-4b4e-9264-f78ced378848,1WT6JM1KW72,59,01HQP4D6B2HXPGK467NGR81SVC,2023-11-24
7bf02aee-9b9a-43c3-8196-abea315de366,1WT6JM1KW72,9,01HQP4D47XDWSFAHPX6DSFPJXX,2023-04-04
b281be74-8360-4b50-9e07-d341ec0aee53,1WU2X43WQ02,14,01HQP4D4MWPEZXZN1NSQERHH18,2024-01-06
68593fd0-6199-48e3-b6ae-02ef001eb064,1WU2X43WQ02,12,01HQP4D54X29J00GVKTFMTQWK9,2023-03-31
04eb5592-7525-42d9-a316-a494b4c8b997,1WU2X43WQ02,85,01HQP4D1BRZWF6W283CNBWBXY5,2023-10-01
62f043fc-0f47-45f9-8e46-d4a1a1628f09,1WX2GQ3PV37,98,01HQP4CZRNT5AHPHSHC6E9MN27,2023-07-14
5240f33c-901d-4719-96f8-873b0a8cb5c3,1X64QT8GP72,90,01HQP4D02KD8FQ2RK3DZVVYTV6,2024-01-01
4d7a92a6-9989-44ee-ad1a-6732207faeb0,1X88NM1JN79,100,01HQP4D6CVM3C226VST3YRE5XX,2023-05-03
c7a842dd-a9a0-4412-b684-3b960470d1c3,1X88NM1JN79,21,01HQP4D4GC9Z4HMMKBQC3KRK24,2023-11-25
29e9c860-48df-40ae-bbd2-defafe43f40b,1XA0EW8UP80,99,01HQP4D515JMZBTJH7JSSCDMP9,2023-11-16
ee36d77f-8d49-4615-bdcb-edc090c27a20,1XA0EW8UP80,95,01HQP4D3ZZ8CGVZG8XKABW711C,2023-09-30
c47c0d59-2d21-427b-96e8-78b2a74fe5da,1XJ3ED2GP14,36,01HQP4D798WSB8VNPPPHYSPHYY,2024-02-11
66715dc8-9775-4d19-aa8d-f7bbf9ef086a,1YH1UJ9DR63,95,01HQP4D34VW2552RPNPAPM8HZA,2023-10-28
774a7731-7145-4e52-aed9-b949b588199f,1YJ4Y88CC37,91,01HQP4D6KY2CW66JYK1G4J5S75,2023-10-13
db057e43-5bec-49ed-9d4d-0f37110157fa,2AP0DN3GE93,83,01HQP4D5C1Q5ZN82ZNG61HJ70R,2023-08-11
9a67ecc4-323f-4723-847e-e9c3228482da,2AQ4RA9WC95,28,01HQP4D2VMM100ERKDQ0GS7G0X,2023-04-15
cd0544a9-0374-472f-9c12-82946222e470,2AQ4RA9WC95,66,01HQP4D6G5A1NX4A9Q3YF0C7T7,2023-08-04
2ad98fd6-b684-46d9-a08d-dc07a3a7c880,2AQ4RA9WC95,45,01HQP4D5DXQ36R0KA1T6BDJ1JJ,2023-11-03
70187819-0410-48de-8a76-9031fe20086b,2CE0C12CN61,80,01HQP4D4RXS8BXH6QEKZBVFVZK,2024-02-15
bb8d0446-9921-4c55-86ca-f5a92611dc71,2CJ6H16UT32,99,01HQP4D4M4BS462897896GE1TX,2023-05-17
0e11c057-8f78-4ea9-91bd-76536f8a58f3,2CK5AX9KH72,63,01HQP4D17C5DDJQ51RT9NTPY1W,2023-10-31
10d82171-385c-4b69-b82d-935179e70447,2CK5AX9KH72,2,01HQP4D346QJPYJ2VW08DB5JTT,2024-02-14
5ab938e7-fb45-42b3-86b2-773a9b6c3876,2CP1RC9KY88,28,01HQP4D40P08Y9RY57YCKMVT1V,2023-08-06
0d368843-6b08-4f86-930c-2933a84c0abd,2CQ8KU6VJ74,21,01HQP4D2VR91YDK4EYJRYD81YN,2023-05-01
58fee6a9-9c0c-454a-8f99-50f219d0a8da,2CQ8KU6VJ74,39,01HQP4D5ZDW7KCW0EF4HS0NWRY,2023-11-14
99eb0aa8-b0e4-4899-b994-7a59a89e232a,2D38JA4DJ58,9,01HQP4D59V5WSQ0CBCW5FQTAXN,2023-04-10
6d02f861-09a4-43bb-bb4f-2cf5edc6e7da,2DA3XW4HY25,86,01HQP4D40C72XTQ4XT96EKJAVB,2023-12-09
9a0e8d84-6eab-413f-970d-4aae3b285933,2DE8UW5MJ89,18,01HQP4D5DVCVQG2TEP2BJR2J4Y,2023-12-30
05378fbc-74b5-4259-b18d-1f6bbf99d919,2DR2EG5UW48,71,01HQP4D327YTF97P3R681TD4CV,2023-03-23
c41ce279-3dfc-44c7-a440-4f7cfd8f19c8,2DR2EG5UW48,33,01HQP4D4HBCDMG7ZF5D5FPAFD1,2023-11-18
a335c67a-45db-4a5a-a2b8-4009c139e48f,2E11XJ9KY95,78,01HQP4D5B5W2TP9MQGYX3ZMMKK,2023-09-10
2688a7de-b55d-446b-941b-e14b53e82766,2E76FW6YE98,65,01HQP4D3Z0Q64DGDXXQ41Q7XNS,2023-03-21
5c1cb7ac-9e6d-40ce-ac74-a8abd9b8aec6,2E76FW6YE98,67,01HQP4D50T1S2DY5B4FSGSW4C9,2023-12-18
83744549-b844-44d3-a594-e7df1cc94d03,2E90WN4YH34,36,01HQP4D34KBXWXSWGN70Y4ESV8,2023-05-10
82d04a5b-3f99-4f42-be2e-f7d962bf51eb,2EK0Q11DW89,55,01HQP4D54VYC92C0STGV3G0QTP,2023-10-26
43e72366-911f-49c1-8a2f-17ec9c049c83,2EQ5WP3MN59,47,01HQP4D486RZVY7XB4DDHB74BP,2023-03-20
26908641-c500-40ca-bee8-40d9bfec3b95,2FX6JU8DG51,59,01HQP4D6DXTW8PDXQYYHKNGE6E,2023-06-30
c93a2241-ed13-451f-a779-37595ebf5943,2FX6JU8DG51,7,01HQP4CZSEMT27PCR885R67G5E,2023-04-06
3a721a56-25a3-444f-9e8c-96d4599befc5,2G08AR3RT08,84,01HQP4D4HKKPTE8PTFQETWW5A7,2023-10-20
6371b0e0-25df-4241-9f1b-e526e961abd0,2G41RK5AM89,35,01HQP4D5Z5MR0VYT0QEPQEAJMX,2023-04-23
6b6e6077-6266-42e6-8236-9d026e0a180e,2GR7CV3QV32,21,01HQP4D5ZZKAM3A9H1HRR8VRJ5,2024-01-13
0760e0ad-06d5-4fc9-b51c-28d315e4e10a,2GR7CV3QV32,81,01HQP4D4HSE6W9PCKT6PBRMCC7,2023-12-17
53bed10b-1ac4-4844-b1f0-48e8ff72a864,2GX7HN1HG81,26,01HQP4D34PYQCNK67K7G8KNWJC,2023-07-10
9d23446f-832b-4f33-b26d-988bea64adc3,2H07HR3AN89,84,01HQP4D507VJM0BBS21WNH8CWP,2023-04-10
dc09d360-16b5-4f43-8bbc-27817770e778,2H07HR3AN89,77,01HQP4D50NK7FX94PHGVXNXHDM,2023-05-07
84435fa6-e67a-44a7-81cc-9f12ce4a29f6,2HE6WM1UJ12,35,01HQP4D6CZR7Q3G7R7M9KVD72B,2023-11-07
9a3ebaab-484a-420f-8b7e-425775bc13bc,2K86UX5NP59,87,01HQP4D2W4ASKT45D3ASGG4B4N,2023-08-05
641e68ee-2e3b-46cc-8f73-7ad989ddfa57,2K86UX5NP59,49,01HQP4D50054KJBFVMBWNJD917,2023-09-13
ec4d8be6-94ee-429d-ae24-cd7730e512a0,2K90F96PU95,48,01HQP4D78TZCX81X42WB78345R,2023-08-02
14509b97-6017-4b37-baee-d302098569a7,2K90F96PU95,62,01HQP4D613EQH6W0NSJBRFX5VS,2023-04-30
18b09293-ccff-43ea-96f8-2803ea579f86,2KG2F91WR57,42,01HQP4D1C5VFA4DMEFKJKWTG7D,2024-02-23
6fc26b69-78cd-4230-a2dc-6433b7444e1b,2KG2F91WR57,57,01HQP4D1CSN7RW4MEC1V7NJGVD,2023-06-19
313fffcd-9e0d-4d03-9068-014a24f558d0,2M07RJ0XF27,59,01HQP4D7A7NHVZEW25GDVPJHYS,2023-12-16
86383b94-ab1b-446a-b100-ee6aeffaef11,2M07RJ0XF27,98,01HQP4D6DFAW9H9T6P27YN3Y4D,2023-04-13
c29cf1d9-8cf7-48c0-860d-0061a5d724d8,2M34A72VX76,29,01HQP4D4T57VDC9H171CZCNPQ0,2023-08-18
fb6a830e-bb43-4e7f-b702-f8c8606c1ba9,2MW8UT1KR97,19,01HQP4D7A5YJAFRYAPG8S7ZJTD,2023-08-31
2048f876-5b81-411d-a3c6-6c9d2b6e62a2,2N28RR7CJ20,25,01HQP4D6GBVATM75E4CEPE073P,2023-07-23
057d975b-55dd-4ef5-a8f8-4a42bdda5bf9,2N28RR7CJ20,45,01HQP4D5Z4W847T8R2BAZ6JM3P,2023-12-25
fe1900f8-cb25-46b6-9fdd-1e8c6a33fcd9,2N70DH5QP80,61,01HQP4D6QAR0FJ1J773NFRK3TC,2023-08-06
0bcf8941-de5b-4b2e-8594-73101f72e5a9,2N71F96TV82,5,01HQP4D186H04G0Y8A37FM2D9V,2023-08-01
990563bd-0a01-42f2-8a59-e8c2e3e91e99,2N71F96TV82,25,01HQP4D53AEZ373DTF7HQEQ8A1,2024-01-04
ed20ebb6-4448-4c0d-8d10-6334945cf893,2N71F96TV82,80,01HQP4D34Y6W3HTEBCSDMN2BGP,2023-11-12
2e406a70-eaea-4099-a8a5-d89578cab78b,2N80F38PP37,96,01HQP4D2ZKHNYJ0SA5JR65MQ4W,2023-05-10
e427f44b-37b3-4c98-ae5f-b85dbcf33707,2NT7ME5CQ11,32,01HQP4D5B0KZ4GTJ7RGFNW7NB4,2023-06-15
ab8d11d3-0133-4c42-848d-73fd39f1a887,2NT7ME5CQ11,67,01HQP4D4HHZNZXFAVV5T8J57E9,2024-02-21
5d9732ef-69aa-4de5-b916-1537ce6b25d3,2NT7ME5CQ11,28,01HQP4D5AEK7GA138S6KXCEN81,2024-01-28
6b515a5a-75c9-4e92-a255-6ab5175b047f,2P97RR2MU79,17,01HQP4D6G63QYFEPS3ZG06VKXA,2023-08-29
d7898d60-a393-4528-9dde-77a07065b49e,2PF4YF0XN09,20,01HQP4D1CY3QB1R4616K2AZKGY,2024-01-23
99386d74-edb5-458d-ab58-6f79b9dad7cb,2PF4YF0XN09,54,01HQP4D17C5DDJQ51RT9NTPY1W,2023-03-29
9acf9bf9-9a80-40c6-97ec-8a22dd450c4a,2PG0VP6XN22,30,01HQP4D6M6DJY0N0FK8DN55SY2,2024-01-22
51ae41aa-96c7-45b1-aa71-4b4f260ea6ef,2Q28TC8FT46,88,01HQP4D50EBTE0PQQF0W0X96RV,2023-02-27
e7275da5-6165-40cf-92f4-2026a228c3c8,2Q58KN3WF43,61,01HQP4D02TEY4WY0BNGQN739T3,2023-04-02
99129497-1696-4454-9489-e69d6e5533fd,2Q58KN3WF43,87,01HQP4D54F1FP8FYXKN349T6KG,2023-09-17
79018152-8014-45a4-abcc-1dc7efdcc072,2QH2DW0HW49,46,01HQP4D6P5WBMB22JXPW1FXS80,2023-10-12
561291bb-ba28-429f-af85-a5db323f3dc4,2QH2DW0HW49,50,01HQP4D54VYC92C0STGV3G0QTP,2023-04-26
e3e0e3fb-b5af-4f3c-b71c-8d20b11a5df0,2QH2DW0HW49,8,01HQP4D6CX8YSXP8H89S0NFEFR,2023-12-03
8f4b9183-e225-434b-8b6b-0b4ab67e1b8e,2QH2DW0HW49,79,01HQP4D48E18CBV2N8MQKWGGZG,2023-03-03
51814322-e8ea-4855-a291-21760f83c1e6,2R10EN4AH96,84,01HQP4D4GQCQNZJEXD8W1G9MZW,2023-09-26
98616da7-ede2-487f-9795-1eba50640492,2RC7Y26TM64,9,01HQP4D1CVVYVTQ770THEF59Z0,2023-09-10
e87d0aa0-28de-48b8-85ce-48c411b1844b,2RQ9YD0TQ47,37,01HQP4D359C5S0WB10YRYQSCJD,2024-01-31
df5b2dca-9dd9-4890-9c48-9c82b86d0cce,2RQ9YD0TQ47,16,01HQP4D5DJRPQY4QTMPHXHGEHN,2023-07-22
704f3a2e-e0d0-4c08-98ac-a48158502555,2RQ9YD0TQ47,62,01HQP4D6M89EEBBXVCCQCAW54D,2023-07-13
d3f557e3-0a6d-4fac-ae69-f8f1803880fb,2RX1U41JG45,12,01HQP4D4RS8548KC13M6ET1SXK,2023-04-28
1dccb836-f17a-472f-8a20-c0418cc9d995,2RX1U41JG45,78,01HQP4D5BZDQ70F7R1MDAPHC0R,2023-12-13
fa0a133d-cd13-46fb-b11a-4fe92471276c,2T71VX5XA58,80,01HQP4D4WRK64KA7SHGZZRW84C,2023-10-11
648abef5-7fc1-4d9d-abde-547734ac251d,2T90VF0KG67,63,01HQP4D4ND5DGQ95P9ZYWKAYPH,2023-09-21
e827e388-51a4-425d-a154-38dbb954d082,2T90VF0KG67,96,01HQP4D79GMACY6B091Y86JFQ8,2023-11-20
29edabc1-c751-4fbf-87b6-9daa4696e1c1,2T90VF0KG67,66,01HQP4D40C72XTQ4XT96EKJAVB,2023-06-13
6c3ac051-9d6a-43e2-89d8-f98df4258976,2TF3VW5FK41,64,01HQP4D4KWJN8EV22YYYREK0R9,2023-09-01
4c28d405-8514-4639-8ffb-672657cab3bf,2TF3VW5FK41,40,01HQP4D51G53538HX1ANJM14NV,2023-10-25
22eb0bdf-b770-4d4f-806a-54f681eee14f,2TJ2A38WG37,86,01HQP4D4MMTSY7TJXMS8T3XY9F,2023-04-26
4ecb3f14-67d3-40bc-bad2-5701ded6c0ca,2TJ3M64NW79,37,01HQP4D351VTSNMHXMR0Y9X45X,2023-03-20
d9e9fd52-5e1c-4d6a-a63f-d5c45574d2fa,2TJ3M64NW79,8,01HQP4D2VR91YDK4EYJRYD81YN,2023-11-15
44a57c07-45b4-442f-a0ae-b4733e6062dd,2TM6HG5AA99,72,01HQP4D6BSJ2CG9SC48DJRN5YB,2023-08-16
a301ecdf-309d-4a00-ad3b-121003d25d3d,2TM6HG5AA99,85,01HQP4D4NMFB1JZ8TPG7DS2S11,2023-04-02
7523101d-a020-4729-a593-133abfba6030,2UJ2AM7MQ80,58,01HQP4D4HBCDMG7ZF5D5FPAFD1,2023-10-22
5f67d858-8cce-41ca-b6b8-32c5c5ab771e,2UR4N47PD56,70,01HQP4CZRK05AAAV1MHDDF2VNK,2023-11-20
6da9a797-9c50-41e8-aae7-9592ea89e40c,2V49D19KW86,25,01HQP4CZRTG3C2Q7YT1XF4FB24,2023-04-29
8a4be0bf-3646-4e45-916a-c9f866f2576c,2V49D19KW86,5,01HQP4D6AJWW5C55M4N80A6890,2023-09-10
90815f98-c3f0-40c2-abc6-a1ec699281b3,2VV7XG4JD91,45,01HQP4D6BY8K4MY7283VNBE8N3,2023-10-20
696b3e99-3e99-40ba-9b0c-9a9be44e3e66,2VV7XG4JD91,78,01HQP4D34PYQCNK67K7G8KNWJC,2023-06-19
b58a4d9e-cfb3-44c6-bfca-39dc45592688,2W17D23WJ82,95,01HQP4D356C7GEGRWMGRB272KF,2023-12-29
fc1cb3e7-e173-4da3-8819-31a03c7518c6,2W38N89QH13,99,01HQP4D3ZP519AKKARPX46DK6T,2023-12-14
72ee959a-871d-4e42-8664-873bbd9a95e0,2W94Q34PM68,88,01HQP4D17Q3E3YK5DFP2H2Q5XN,2023-05-16
195e4a83-2949-4f42-ba5a-483ff84efadc,2W97XV5CK75,79,01HQP4D18BWJ12Z858VH2FHB2G,2023-10-03
8ab17950-3313-4206-af58-3b5572f87f89,2WK7TJ4WE40,26,01HQP4D03G7X6SDZHTDCA4GF05,2023-11-27
fa4a0f9a-9d4f-4afd-b0b7-46afd37c5171,2WM3HU0UT28,39,01HQP4D4SMRR63VNR39K9RQBF7,2023-03-02
04ba7863-1a42-445f-b929-cea693edd6a6,2X14GE5JE78,92,01HQP4D46VN2WPVRE7WMN4WZCR,2023-06-18
904eaee9-1346-457c-bf27-aef8a19a3529,2X14GE5JE78,8,01HQP4D5AMJVY6CMT5VJHMBM8N,2023-11-23
9c4216ad-914d-4c57-8e4c-2bd1b684b8cf,2XC2TQ0WJ43,54,01HQP4D4GQCQNZJEXD8W1G9MZW,2023-11-09
f1f9873f-7877-4076-9b60-d03c1a4be277,2XC2TQ0WJ43,65,01HQP4D4RKE9AK2MBE83DCGABN,2024-02-02
c20bdc2b-5c4b-49d0-be26-1f67667c334c,2XC2TQ0WJ43,23,01HQP4D30GRG7JFT77G6XN29TB,2023-04-16
22a8fe35-2deb-434a-97a8-302446ae94ce,2XG3GF7YT79,32,01HQP4D3ZHX6Q8HT4BYDQ32SKX,2023-05-25
3b7e0324-5f7b-4cef-b036-db6b8088f847,2Y16P80JX37,29,01HQP4CZRPQAT66V0S3ZPQX66H,2023-06-26
15d8d377-a71f-4ec7-bf4b-2c84374cb5e1,2Y60F83UJ37,39,01HQP4D5B0KZ4GTJ7RGFNW7NB4,2023-05-17
d14898d1-2fa7-4a66-9ad6-6f89f701babd,2Y60F83UJ37,95,01HQP4D32ZY3JD845ANWS440D4,2023-03-09
08e5c28d-9d95-4107-b622-83fc82f36c50,2Y60NQ8TQ62,40,01HQP4D6KCVMTK079T42ARQEW4,2023-05-13
7ced5df6-da67-446a-b955-dc55c6dcaafd,3AG7P53QD89,7,01HQP4D6M89EEBBXVCCQCAW54D,2024-01-29
bc5eb9e5-339f-41fb-ad49-1f93e16329e1,3AG7P53QD89,50,01HQP4D48HPEF24AA6QEWZFD9P,2023-06-25
0498f3e9-0607-4934-96b1-7f872ee11ecb,3AG7P53QD89,93,01HQP4D51NB5A44BPCS6Q0JCKM,2024-02-02
c24b1b04-8f5a-4d05-b418-5d5ad26f7e1b,3AK6WP3RM41,61,01HQP4D791TPC18S6BK5F1P1BW,2023-03-04
fe640da8-145a-4766-a519-f28b9a40f435,3AP8CH0HU70,62,01HQP4D32K0S1FHQPCBHY0A9J3,2024-02-16
99251fdb-0128-42f3-91f8-f131defcc16b,3CJ9ND2WA32,34,01HQP4D1C01PTR7191HA9P5S6B,2024-01-31
bf6d3ec3-1438-4cc6-af18-b46541179a94,3CJ9ND2WA32,80,01HQP4D4WWC28BH5WV1J69VGT8,2023-09-21
7af0f4ff-b3f0-49d2-a836-98cc3d35efc6,3CJ9ND2WA32,20,01HQP4D50B56SP473FA7WAVPDZ,2023-08-13
0c683674-dd4b-4f93-b20a-1e420639a96c,3CJ9ND2WA32,74,01HQP4D5BMCSVFR2B8B199C496,2023-04-07
a2975688-77a9-4140-8aa3-b16dd805d0e3,3CW4TY1MG99,70,01HQP4D54MX9HBVBV1GTGNVRS3,2023-12-26
ce4ad189-0674-45e9-9b6e-5cbaa0f1418a,3D28T37MH89,72,01HQP4D59XVYDQ70EJ0VWVVRAW,2023-12-01
f14e60a9-4c32-4cf5-a95c-07566454c39d,3D28T37MH89,2,01HQP4D6Q2668QNQZEHKB4YVW8,2023-08-11
9044ad36-9881-4b90-887f-75d10d43a07b,3D28T37MH89,93,01HQP4D4N8Z7G3QNS18HAK9MJP,2023-06-19
c061c5c6-c26c-4bfb-960a-fae375154018,3EC6W47UK17,65,01HQP4D59V5WSQ0CBCW5FQTAXN,2024-01-29
68e1de38-1714-45fa-b96e-837dcc133fc8,3EC6W47UK17,44,01HQP4D5ZWXV7A39CPMGNE9KA7,2023-02-28
2252f760-04de-43e3-8bf6-0c13ea65a4e2,3EC9EY7UV30,23,01HQP4D6EAQ5KZV8218WBEQMB4,2023-09-02
491538e7-43cf-4a84-90e0-40a03049cd73,3EC9EY7UV30,23,01HQP4D5ACGHDYQWE5VF2QS399,2023-05-30
868c278d-db8f-4f25-96ed-97c9332170aa,3EC9EY7UV30,65,01HQP4CZSEMT27PCR885R67G5E,2023-07-10
4a8f189b-1dea-4ffd-8e4d-905546656a69,3F25KA6UD17,9,01HQP4D2VXMCFZ9641TANEXEK4,2023-09-14
68f567c3-705a-4fa6-8f68-c27eab4875c5,3F25KA6UD17,79,01HQP4D4WQ0BNCPCZ9VTXSX17N,2023-12-01
e91cc107-657f-47d4-9ea0-806e33fa5c11,3GF0QP5XQ14,65,01HQP4D6DDD2NN7RS5DCFS4397,2024-01-04
a28e762a-e0a6-497f-b3b9-9c7cb8d8b342,3GF0QP5XQ14,8,01HQP4D6PYA2F0A1EZRM9CTFN8,2024-01-02
aeb93268-4de6-4bf7-9db7-4c0426e83aa6,3GJ4V29TU28,53,01HQP4D5EDC0T1VVPTWD6HJ9JS,2023-09-21
704d3657-406b-4ad3-85d3-1b61fe990b1c,3GJ7T34VY58,90,01HQP4D6QJX1QXBMPQHVM7DCAW,2024-02-26
f365c3d2-858c-4d74-b3ab-275e67228dfa,3GK2F78TA33,19,01HQP4D6E9DZ5XGDFDB5T1RC9S,2023-08-28
66d7788f-1ca6-484b-99ba-9732836fa624,3GR7K88MQ97,24,01HQP4D4HJ9YJHQPC2942TPW1S,2023-07-09
f1733186-952a-4fb2-969e-18b3d26f553f,3GR7K88MQ97,25,01HQP4D6E2WM7YK62TZBWSHV0F,2023-03-18
87a20c1f-f3b7-4301-864d-5d2257319aa9,3GR7K88MQ97,28,01HQP4D40FG2ZAAW8E4DE8DF95,2023-05-04
7d1a3fc7-48d9-4e65-b20f-6bc9c7fe0ab0,3GT7YH6AN91,58,01HQP4D47BSMFF80AHBJEQD8WG,2023-07-02
004023f8-89c0-462d-8d0b-ebdaae4ac544,3GV7G81TW32,51,01HQP4D5CB7TKHQ6DT4YQW4VC9,2023-11-08
4dc5ba31-5184-4738-b02e-484960fa98cb,3GV7G81TW32,49,01HQP4D4GFXSQ7B6M5AWA9E5M8,2024-02-05
5b1fb205-885f-45b3-91f7-ab1cbae96557,3GX3EX4NF67,35,01HQP4D4GYXJBZD7MS5FVSACVA,2023-04-20
b5fa48a4-7b59-48e5-aa01-bdafbcb4e369,3GX3EX4NF67,97,01HQP4D351VTSNMHXMR0Y9X45X,2023-11-15
dcb764de-9246-4585-a24f-97853f713338,3GX3EX4NF67,33,01HQP4D6AQ84K1H5ZD7B5RC9PR,2023-03-24
43cf0163-37b7-469c-b0e5-9e46069bc5dd,3H19RN0GH24,43,01HQP4D4SGTNSSW5H7QZRG9YRQ,2023-10-24
57a88ebf-a649-4a62-8201-58b019261542,3H19RN0GH24,53,01HQP4D6DFAW9H9T6P27YN3Y4D,2023-06-14
c3c7dbe5-9a7f-442d-a0d1-b2f659b60ea7,3H82HE0YF70,16,01HQP4D4N8Z7G3QNS18HAK9MJP,2023-09-14
f42731d7-f0a1-4330-90a8-2146f215202a,3HC1UK5UQ23,71,01HQP4D6MR8QKN37ND0CSF3XSB,2023-08-30
69fe2066-44d1-4f3a-8751-4ae8ee659106,3HC3EC7NF29,24,01HQP4D4GN5B3RYZ8KES366SCT,2023-12-12
9f0c651c-585b-4e5e-a894-3c645d07ecd9,3HF3YT6EV05,42,01HQP4D792GTC7SCF65QYSTQ4E,2023-05-13
51d12302-cc87-4894-a2a6-762a194fcd2d,3HR9T87HN01,87,01HQP4D5A02YX4KJF6TXW5YQTZ,2023-08-01
1c52bcbb-90b7-4f45-a063-396d95d0bdaa,3HW3RY4UY11,43,01HQP4D6EBMA6FEY5RZW3CKBD7,2023-07-12
daccead0-3b9c-4f7d-9edc-da31bf18ef52,3HW3RY4UY11,48,01HQP4D182QFCNRTQZX009S0SG,2023-11-06
90f091b0-67f4-46f1-b929-8af22ba07408,3HW3RY4UY11,70,01HQP4D40MNYJNVB84QQY9A4HX,2023-06-29
cc960840-4372-4ea7-8718-ae25b3c292e7,3HX0PP7GX49,24,01HQP4D50MPKTFX2F1TWNF75VK,2024-01-31
890b7a33-7e5a-4e43-934b-93c609a0503d,3HX0PP7GX49,66,01HQP4D50NK7FX94PHGVXNXHDM,2024-01-07
30a46ac9-d82a-433e-90db-02d7ad4fffcc,3HY3N10KG62,22,01HQP4D47QFY2QSX1D38BCPZ88,2023-05-08
fb94c48c-d723-4f92-96ac-0cb37b1a4f57,3J07HV4HJ69,75,01HQP4D3ZXB3V4KFR9YNFAPECK,2023-08-12
87c94f79-d037-4c0c-9bf7-bb4ba31dd6c3,3J07HV4HJ69,60,01HQP4D4WMR9H5BCVJ0GJ3H1DG,2023-10-20
d7e354fd-8e2b-4677-8b49-63aecbe4bdbf,3K83WG9RR83,8,01HQP4D61CHW4S3RTHPM9CC8ZB,2023-09-29
cf9a9aea-3a98-473e-91e3-2943c2a35ab0,3K83WG9RR83,50,01HQP4D2ZZ2A77EDMY24YSBCKJ,2023-12-06
40138ed6-3cac-4d6d-af24-8f072ea7633d,3K83WG9RR83,93,01HQP4D79V3JZ4HYEXME27YHJQ,2023-05-22
43463aeb-8da1-4fcb-b2cb-1d32ec5f3c3f,3KK7C45QD90,44,01HQP4D31WF5WAHFDYF1ACRSY5,2023-10-13
23accd6a-9c09-4951-a19d-7cfcd5dda7a5,3KK7C45QD90,71,01HQP4D5E0NVH9ETXGW5E3SXRX,2024-02-11
2ffee9c6-be40-4dea-bb26-757d9e08aa1f,3KU0CU2KM41,44,01HQP4D5ATHKWYY7S2SKGZ8Z78,2024-02-17
88e260cd-c8c7-4c7d-bf25-d29aea5dafce,3KV3WC0CU51,56,01HQP4D1CKPXNKVGJ9H70NEBJW,2024-01-02
093cac12-5e59-474a-964d-2bb2b9e08c6e,3KX9J46CK33,45,01HQP4D5ZABP3R8DKY3M6VG5WE,2023-08-30
d2301678-f319-4430-abe8-7e3d4c7909c2,3M19DG1GJ41,57,01HQP4D6JF6C0KA90XZC1NKHVK,2023-09-14
707d5d09-31d8-418b-a093-0e5a5e072382,3MJ8Y97EK56,92,01HQP4D2V72D1461KYDFR6C8GC,2023-04-05
f1de081b-d615-421a-a867-0978422527e8,3MK4G07CW27,70,01HQP4D323Z52DZTP709PH2SK4,2024-01-20
56a6fef9-3c54-4425-b4d6-dc817d6bab37,3MK4G07CW27,65,01HQP4D2TJ2QRVTJPQE30F821C,2024-02-23
9c08c616-d190-45a7-9d52-fafbbd0cb52c,3MN8HA6RG92,67,01HQP4D5A94QWDV58YBY2C66VB,2023-04-24
03f2c521-f477-4212-9075-842321cd4269,3MN8HA6RG92,59,01HQP4D5CB7TKHQ6DT4YQW4VC9,2023-06-30
d0124a10-55e1-443a-b461-a075eae91863,3MN8HA6RG92,17,01HQP4CZRNK96Z7JETA3GYEC14,2023-10-30
3332fb8f-aa66-469c-bdf1-084f39fb67b4,3MU3UX0CD24,1,01HQP4D1CZXXMN26Q1JJ01AEKM,2023-09-16
22739ddd-712d-4e28-b545-963ba522f0b2,3N02HW9JT20,3,01HQP4D17VG4JJKNS21MWF59G7,2023-11-11
dbd1cf86-5f50-42b6-89f2-aebbeca0ea67,3N13UN3WE66,86,01HQP4D6QKRR046CBBFNFZA5NR,2023-03-14
e14cecf5-7620-4a21-b00a-1121805e0366,3N62GK6AA99,10,01HQP4D17VG4JJKNS21MWF59G7,2023-11-23
69e4c92f-421a-4176-b1d1-dacce88e46c8,3N62GK6AA99,42,01HQP4D4WEVR0VZ4HCREKMMAA3,2023-04-17
3bc2b51d-ad0a-4fe8-bf0e-099bd100ffcf,3N92UU3KG10,7,01HQP4D4WPEJ0ZFF4JPY6NPMDZ,2023-07-13
5d7213d7-5566-49b7-9e4e-201c90b5b828,3NA8CJ2YW32,14,01HQP4D5A5EB4MRGAFXD0J2501,2023-09-15
9acca04b-c867-4217-9858-589b7fef1208,3NH1QX2AU14,1,01HQP4D180Q9MWK0TQ9Y4RD7BV,2023-08-04
958031c1-dec2-44a3-87d0-5e510ed6901f,3NV4JV4FN23,13,01HQP4D6GHY9MX7VVKBV4FT80C,2023-08-23
e6504485-4c38-47b7-a21a-b4419d5aef76,3NY2NJ3MA71,59,01HQP4D6KPQV8N13B9NX37PZ7V,2024-01-25
e1e68eb0-646c-4df1-bae9-8f3282483355,3P09RD2MA20,88,01HQP4D4HF94ZF20WV9BYR8Q76,2023-03-05
b51af595-7403-4feb-abe2-2afe1b4e3782,3PD6PH5KN24,7,01HQP4D32B5QBCF6DWS74SQ93K,2023-10-19
8125513e-502f-4065-b029-a09fe0d0f705,3PD6PH5KN24,71,01HQP4D5E8V2E5V2AVY3B4G82N,2023-11-17
5e1d9818-ef8b-4b57-b19a-8b3e3c5d26ef,3PQ4YQ9XV54,6,01HQP4D5DRBHVB2EKR90AXXXA7,2023-10-16
50ea3db8-4e01-4379-87fb-d720cde4a1b4,3PQ4YQ9XV54,70,01HQP4D32VCA9H4ZE4A13Y732X,2023-04-25
a8b48fbe-7262-4f87-9d51-630635723c81,3PQ4YQ9XV54,95,01HQP4D4NBPDCJZCRPKNDE5713,2023-04-13
195f36b7-dc05-418c-989e-727bb5339329,3PX2RJ1RY98,44,01HQP4D6E2166HAB08DPAD9J8F,2023-09-25
2bd69aae-866c-4c29-8193-6c478ede9d7f,3QF3FJ5EU94,9,01HQP4D40FG2ZAAW8E4DE8DF95,2023-08-22
bb8e4fad-b3ec-41d1-88da-cb57724565e0,3QM2QJ2PD04,11,01HQP4D60VAM55JBX1A6WCS3YX,2023-09-08
8eaf96b5-72e2-4d4c-86c0-b094602cf284,3QM8DH6RP12,65,01HQP4D4G902N56DT9NPCZZQF6,2023-04-21
f1a1044d-9f84-4d29-b9a7-50f3a5f383db,3QQ8M38RX06,70,01HQP4D5CB7TKHQ6DT4YQW4VC9,2024-02-25
f4426265-0afa-4852-9172-5c77996477bf,3QQ8M38RX06,80,01HQP4D5Z1N2SFXHV73GQDBEMY,2023-09-13
1d1d3cc4-296f-43b1-b6b1-1e497993316c,3R21F88QW42,55,01HQP4D5Z87XTX6QWG916S27C2,2023-11-28
06adc403-a101-4543-8a2e-238db94d961e,3R21F88QW42,7,01HQP4D60355Z5Q4NKRN3CXCAF,2023-08-21
b84915e6-cd21-495b-90b4-4b42f8c2c056,3R21F88QW42,7,01HQP4D17JSSFQBMYKZXMQA4RG,2023-08-09
e598f586-438b-49e1-a742-52c83b319007,3R34GN4JE61,81,01HQP4CZRS75B4X3F0N7VTQKPT,2023-10-30
f881b537-b586-4aa3-a6c3-6ec5a8f60a70,3R41W88TR95,21,01HQP4D1C5VFA4DMEFKJKWTG7D,2023-12-14
db99ac7f-fedc-49fe-8015-2cc9ff9680fc,3R41W88TR95,7,01HQP4D79H6FYF1FJBR8NKJBAC,2024-01-02
36242c21-6183-45fa-b921-e0d8070d56d9,3R45T77QQ75,57,01HQP4D5106VVKP4HG2DGX9FWF,2024-01-04
c7edde2c-1172-4aff-bcbc-ec59c09e210f,3RD1TJ7EE93,93,01HQP4D4M4BS462897896GE1TX,2023-05-11
b8445d21-ed36-4bd2-8ce7-c0081d368207,3RF5N51PY30,83,01HQP4D6DEC466E2P37ZQKCYA7,2023-03-29
004c93e0-dfc1-4190-bba7-2a018079b354,3RF5N51PY30,19,01HQP4D6KCVMTK079T42ARQEW4,2023-12-07
4e2823f8-7a4a-4476-8879-4beebc92d0e3,3RR3A53MN86,16,01HQP4D3ZRCG0P7BTEAK9W7GXK,2023-12-09
404f8892-2f7d-4400-adbf-d9ee6aacf8f5,3T51WE8RV59,46,01HQP4D6BZQYXH66NE54MH1FZ8,2023-10-17
86777e66-81dc-4409-b206-cf4474d5e7d9,3TP6EC4EW69,33,01HQP4D5BAZEX5YGEKD0Q3XAC4,2023-09-09
ce1d1454-6ddb-4856-84a8-d4e85c2a5025,3TP6EC4EW69,17,01HQP4D32PBAYJ644BK6TN6FAZ,2023-06-17
4af3cdb6-cdd0-4e5b-aa0f-8506872ac348,3U00EQ5YG87,96,01HQP4D1CZXXMN26Q1JJ01AEKM,2023-09-18
1f148f02-e1f8-4b5e-a07f-40e22ace03e8,3UP4W84HA40,10,01HQP4D6PR18JT16051Y0PHSNN,2023-09-01
db3ad521-cb0e-4a32-b918-8b6219bbfa98,3UQ6JC1FJ55,47,01HQP4D4NRDW1PXB9ECGZG0DVD,2023-08-15
e7a04533-ea32-4b19-849d-0db6849300a8,3UQ6JC1FJ55,91,01HQP4D478TA6HZGGGVHZR7950,2023-09-21
3a136a48-34c3-4d34-99d5-087b3f8a3f12,3UQ6JC1FJ55,49,01HQP4D6JTJKZ6593PWYDC32WE,2023-03-05
267a8e6c-a560-4059-9fe7-4288b9fd8df5,3UQ6JC1FJ55,74,01HQP4D4M0RFRS6AQGT047NA6Z,2023-03-23
82fbc223-89bc-4993-a97f-3ce2ff45ce1d,3V73F74WY71,1,01HQP4D4HCEQFN4W70EA8BASSP,2023-07-04
144d4ded-5ccc-4116-a354-9d1f9db8d1e9,3V73F74WY71,88,01HQP4D5BNFZHNM599DHX2K128,2023-03-14
e7c4251d-0257-40c2-9f56-32ab7ed5e78e,3V73F74WY71,79,01HQP4D6MNYY20GXV58A6D6GJW,2024-02-19
b3298ac0-4c48-4c2d-b5dd-c022233fb5d7,3VR6AP7DA89,40,01HQP4D5ADG024W0B01ZJKGDWA,2023-05-08
777c56b8-009b-430d-b9e6-c122bdadca17,3VR6AP7DA89,20,01HQP4D78WKYWDEGCJE8SH61MC,2023-11-19
2cd5989c-efc1-4476-98e0-d78635e11463,3VV2N61QQ93,12,01HQP4D5442Y7WW1GGBACC53NP,2023-12-07
d7b36b1c-4f54-4b53-b1d8-db0988b69663,3VV2N61QQ93,47,01HQP4D17X37VBQFK98130RBQD,2023-12-17
4c044531-dab0-40bc-a744-10c65df72340,3VV2N61QQ93,6,01HQP4D1CQZQAGYYJ5HPBD1K2A,2023-11-13
1258ba01-491c-41c9-ad6f-8985bcfb80e6,3W43X93XD24,93,01HQP4D6FCKXJHEP749D1GRP2M,2023-07-28
693787e6-b83c-4efd-8b6c-baba4b07c4e1,3W43X93XD24,16,01HQP4D4H7126TPEXY2Z95A7TF,2023-05-27
7095e625-6f2e-4a2f-a8fb-0d502e91390e,3XF7EK2MT27,88,01HQP4D1C43JTPQ0GFBB6V6PBV,2023-03-17
f205bc31-4ab5-4111-8e59-4739cfde8250,3XH7MA7DK25,6,01HQP4D4W7MJ82GGE9T859HX1S,2024-01-25
f986b3c3-25c7-40e3-8375-e1d241dd67f4,3XH7MA7DK25,22,01HQP4D5ETXZ7GSVJCQDY5TDXY,2023-02-27
72ca6b30-55d0-4909-b3ec-7a224b60d22b,3Y69XU2QU84,88,01HQP4D6P4NPDXRNPWZJWSP8K4,2024-02-01
f95fe9d7-71bf-49cf-8644-a9a995c0421f,3Y69XU2QU84,39,01HQP4D4WJA58B23DAWVK53JC8,2023-07-04
606e23b3-f509-483f-ad81-804128b68d8b,3Y96T56ME51,8,01HQP4D4WPEJ0ZFF4JPY6NPMDZ,2023-12-01
41aba31f-160e-46ac-a082-69b8f13727fa,3Y96T56ME51,7,01HQP4D30P7TEFWA4XYKHPTT2P,2023-08-31
e9fb9b03-4829-4aeb-a18f-a6b9497fbbf6,3YD6TE9HQ38,82,01HQP4D5106VVKP4HG2DGX9FWF,2023-10-24
7193afd9-6d20-41c3-818e-d8a7c08bd31c,3YD6TE9HQ38,70,01HQP4D40QK0TH0TB67TSYEQGG,2023-08-22
e8c2e8d8-b7d4-49de-ba46-c37ac2360129,3YD6TE9HQ38,31,01HQP4D4GS7DPAA6FYRDB595G1,2023-11-08
b30a4692-4dc6-41f4-a4aa-c08f5698b38f,3YD6TE9HQ38,11,01HQP4D32ZY3JD845ANWS440D4,2023-03-25
02f693bf-e952-412a-a687-24c5bc8876be,3YD6TE9HQ38,19,01HQP4D4W5NBZTKMEYGET2JK6K,2023-10-05
cbc1252e-822e-423f-8de1-8c4a461652db,3YU5J55MN22,93,01HQP4D6DEC466E2P37ZQKCYA7,2023-06-01
97dee109-d915-4841-bf12-3205d1c3a912,3YU5J55MN22,38,01HQP4D3ZHX6Q8HT4BYDQ32SKX,2023-12-27
9822e15e-dd3d-4fab-a44e-b6f4210fb893,4AQ9KT7YP59,97,01HQP4D54YSMQP43EP8TNQJD6D,2024-02-15
873ec01a-c026-448d-b041-361e5130ce4c,4C71UQ4CY87,76,01HQP4D03HXWTXKBCC06S6VWRB,2023-06-29
c7c7e3ee-bb61-4924-bf15-82ca919af1a7,4CD1EY4RX88,94,01HQP4D50SWKJKGEFDN2R2DFCK,2024-02-12
0716171c-fe6f-4045-8eaa-593eada725d7,4CD1EY4RX88,27,01HQP4D6K8C8QB3BF9EG5T834W,2023-09-25
51079401-947c-4c04-8d9d-c461b95225b6,4CD1EY4RX88,18,01HQP4D6GC0SMN3P7WTA7ZYV51,2023-12-27
340965fa-4637-4ed6-9c63-290efc4451dd,4CW5UP7QD44,83,01HQP4D5ZTWKYJ7M48K4EWFV1J,2023-12-15
d5fc3231-9df2-4d96-b127-824e82c7b680,4CW5UP7QD44,18,01HQP4D6JY5DEM2G87HPVTPTT1,2024-01-19
aa1478ef-b255-4013-869b-9adf42a91b4a,4CW5UP7QD44,20,01HQP4D4H7126TPEXY2Z95A7TF,2023-06-22
bd0ff002-3538-4c7d-999f-c4de217ab413,4CW9P81HV60,6,01HQP4CZSP222FPEQ23GTSQ51T,2023-09-04
264eba37-9deb-4f19-a53b-5563a2754cf8,4DA2QM4VC71,49,01HQP4D4HE4WJ4D9ZW00KJPGF3,2023-03-13
b98a5612-1cd2-4712-b5cb-be03fb510662,4DH3X44RG60,100,01HQP4D6DHWGV7JPFX25XHAV3B,2024-01-19
68030ce8-76a2-4659-9f34-be89849fc8fe,4DH3X44RG60,1,01HQP4D602ERN8XFB2SM0MM26K,2024-02-23
0f39f308-7297-4976-8dfa-01ff1b53a703,4DX8P08KE60,24,01HQP4CZRS75B4X3F0N7VTQKPT,2023-09-16
125c0272-9612-4116-a01d-b0bfafd48fd3,4E61UC9GJ54,97,01HQP4D4MJ47MGZ929EYG391JR,2023-07-19
06828466-5303-4513-bf7f-1ada5cc75af2,4E80AQ2RY02,51,01HQP4D030S167MTC5XJB1BR89,2023-08-16
154196fb-f9fa-4d6a-b9e1-09ebbfc2cfc6,4EJ5GV7UX97,20,01HQP4D6M0Y1P41C7KABS57VHD,2023-06-02
c73ef26f-fe06-44f2-a0aa-1152a5cf8760,4EJ5GV7UX97,64,01HQP4D5ZABP3R8DKY3M6VG5WE,2023-09-03
f955399c-bade-48d9-8f15-61be4ccddffd,4EK6UC5ET99,41,01HQP4D3Z4M9KA8T4Q7EC7W42B,2023-09-02
9fec3bef-7a0e-4310-873a-f4e1ff38f3bb,4EP2VT1VE52,33,01HQP4D79RCQFK9AK3EM5YBVGD,2023-10-17
e5a28fbb-9fb9-4e01-b551-3edca8007108,4EX0MU5PX82,31,01HQP4D32Q1QGMJHQBRNAS3382,2023-06-26
dbf5e1b3-d7c7-40eb-ae73-6927014c26c6,4EX0MU5PX82,83,01HQP4D5127YHQ9RMVXCZ1X5T6,2023-05-01
d0ebcd20-7d53-45cb-ad1d-2f1c137dba57,4F71CJ3UY44,18,01HQP4D4W5NBZTKMEYGET2JK6K,2023-10-28
4865492e-9db0-4e56-ab6c-6f4ca435d316,4FJ8X96PE09,100,01HQP4D4GX6V8MGMYJ7A6AAY83,2023-04-13
752a40a5-a3e2-468e-a498-034d17b26dfc,4FU1UA1AR86,6,01HQP4D2TGNHS6GGJ9SWN2YKAN,2023-06-24
9ee8632a-a3e0-43ee-b3d0-a2c850ccd89d,4FX4GD7UA53,47,01HQP4D18BWJ12Z858VH2FHB2G,2023-11-06
28b61c34-775f-43f5-a545-8bfa111cc916,4G53F37RT46,65,01HQP4D4N8Z7G3QNS18HAK9MJP,2023-12-18
51c12eb1-9605-4052-8572-8aea0e96d470,4G53F37RT46,52,01HQP4D6DQ7NDGS9EJKV9WTRN8,2023-09-26
9a0bf32e-02b6-4939-b7db-c102093bba2a,4GU9Q60GJ24,72,01HQP4D2VP32P3WH92TQT40T4Y,2024-01-05
29985456-ed14-46e7-be82-d4a5822efe1e,4GW3CF2HU62,46,01HQP4D5E3M0KP9NEYE2FVJQQN,2024-01-03
7124e51d-049a-4120-99cd-258965f9bc5c,4H40AP6KN52,29,01HQP4D5504BH6SBMYKSRJDJMH,2023-07-13
8dc87d90-c517-4959-b96d-0db378d1bb66,4H53TK9DW63,69,01HQP4D61FMQ4G0Y8NWJJY92C9,2023-06-01
6aa2ea54-5f9f-4fa5-b080-7d010cc26cf6,4H78CT2FX07,55,01HQP4D6C2S3FQ38RKV2NYP6DV,2023-12-12
c78b18b1-7020-46e5-9565-2328a58bd88f,4H90V22HY56,89,01HQP4D3YV46Z93PZWBVQZNVYD,2023-08-26
39e1ad80-f87e-4ec3-9e5f-a48c237e4b77,4HE8JK5AD84,87,01HQP4D617JEQ067T88Y08N7NR,2023-10-25
185835af-1551-4bdc-a759-588874cd197a,4HN8KJ4AN20,26,01HQP4D5ZJ2F09AKTY30E62J8J,2023-11-10
201d89fd-cc17-4711-a6c8-c95bf9fc35dc,4HU9VD5AQ78,88,01HQP4D6E7GESWDFMJ67XPM2S0,2023-04-28
54af6213-081b-4619-abfb-10aa0337a203,4HY3UV0DE84,14,01HQP4D6BQ5VKEMM333NM5X9RY,2023-12-15
e8ef194f-21aa-44ad-b441-6a9796ba5fb2,4J69DF4KW80,100,01HQP4D5BJ4SFJXZ0TAEJJ2VN2,2023-08-03
664942df-72f4-447a-94da-82b9e2415537,4J88RD5MQ97,81,01HQP4D5AEK7GA138S6KXCEN81,2023-12-03
9a97f521-f1e6-45c7-9dc1-2700cbcd996c,4J88RD5MQ97,37,01HQP4D6PF2Q2V7C9HCXEHXGV7,2023-05-12
9b20041e-5876-4339-95dc-49d539ade822,4JJ9JP2UW45,65,01HQP4D03HXWTXKBCC06S6VWRB,2023-06-24
5f9427ed-be7d-4230-ae74-7c73469c32d6,4JY1FV4MH33,75,01HQP4D4W3H22QXDPSVE45PZ70,2023-12-08
2c8a41c5-6add-41bb-8647-1769c1412cc5,4JY1FV4MH33,2,01HQP4D18Q0Y2NT5094PRFKB13,2023-06-07
1105602b-dd43-43eb-8f3b-932aaf84497b,4K02WH5RU84,19,01HQP4D6DHXYP83DFSWG71MEMV,2023-10-21
d1902bce-771f-4c29-86fb-f43560a26b08,4K02WH5RU84,92,01HQP4D5C6MRRXB3V77YZR1DM1,2023-05-22
fa28c437-b844-4b32-963d-b94e1f414258,4K02WH5RU84,15,01HQP4D48SMDN1VP80NW5GX8E5,2023-03-01
1b75abcb-b85f-421e-8ac3-1c33324abc98,4MF3GY4HF03,23,01HQP4D4H59PYWEN76C44HDSMK,2023-06-12
a737f024-514c-42e0-8802-8d4f7d12d217,4MF3GY4HF03,34,01HQP4D6GC0SMN3P7WTA7ZYV51,2023-08-14
3c8815d4-c5da-4788-b532-90f76b97423e,4N11CJ2CX58,47,01HQP4D1BJ5BZ086QEWK17PS2F,2023-09-27
335dd0a0-cd7c-4f0a-946a-d18c94416260,4N97U56ME02,92,01HQP4D6M0Y1P41C7KABS57VHD,2023-06-13
a2bde3b7-ab9e-4989-84bd-efa89bb3ebc6,4N97U56ME02,44,01HQP4D50MPKTFX2F1TWNF75VK,2023-11-03
9a183ced-8bea-4a2a-9036-1cb9c1204b82,4ND6W41QW92,8,01HQP4D6G89VRB9JW4W2ZE1K0T,2023-09-22
14147ca5-2407-482f-b63e-be6e4ab5a565,4ND6W41QW92,14,01HQP4D1C72DXR6YYEW50ENRR2,2023-04-01
f3edbf27-d465-4261-8ab1-d791a558e0f9,4NU0E42TW50,39,01HQP4D036PGQN7RAFB69614Z7,2023-05-11
fa83fbbe-8969-42cd-99a7-1ad1ad391d58,4NV2ND4QK96,44,01HQP4D51P5ES647J0FS3YG966,2023-05-26
5ac30415-f4ad-44f8-a070-c55e9a717d03,4NV2ND4QK96,10,01HQP4D6MG6QDG2XSRC9SXE70B,2023-06-30
74421dab-1f00-4191-bf59-72b16d2d5675,4NV2ND4QK96,85,01HQP4CZRXFZ5A1FEQCZENWAD2,2023-11-20
db71abc1-4eb6-487b-b242-d53b2fe8063d,4P04DE2TU61,50,01HQP4D4W7MJ82GGE9T859HX1S,2023-06-10
5a9cf955-c339-46db-9a97-fd10573afd26,4P04DE2TU61,56,01HQP4D6PF2Q2V7C9HCXEHXGV7,2023-06-07
0b21b4e1-46bc-41e2-8e06-63328517fffc,4P04DE2TU61,21,01HQP4D1CHSYP6DXFG5MH6GR8E,2023-11-13
cc6a3e55-f0a1-47b2-8271-0f5de6eb9d4d,4PE4FN8YX28,41,01HQP4D50G5C7ZJWTP5BXRNTTY,2023-08-07
803f2ccc-e1b3-448d-9cab-374f938d5f77,4PE4FN8YX28,21,01HQP4D40QK0TH0TB67TSYEQGG,2023-11-10
91b6094e-4a3d-4d74-8f2e-ffaea01e13fa,4PR5KP4AR73,97,01HQP4D4GJ5H9J0ZZCZAJ47W9Z,2023-05-24
c67fdfed-3d5f-44af-94d8-3fe7c62ebd09,4PR5KP4AR73,42,01HQP4D4RZ9VAZ786VAGZ60JT5,2024-02-05
86cd4e00-b32e-4e76-acc2-60b4d667d0e7,4PY5J31XT77,84,01HQP4D03HXWTXKBCC06S6VWRB,2023-05-19
08e04e08-d3aa-41d7-ab4d-83081082489c,4PY5J31XT77,46,01HQP4D50WVDERBA3GYJ0X55E7,2023-03-08
c7728f0f-1587-41dc-aa96-410b5b73a5c9,4Q36JR6RW17,12,01HQP4D5ZTWKYJ7M48K4EWFV1J,2023-03-04
f065417d-c10c-4db0-8b6e-11bedd3f5ba4,4QF2T92QX24,54,01HQP4D60SM6RDNRR6EW1XTF9K,2023-08-04
2ffc976d-efa9-4bf5-9275-74cd1ed10ddd,4QJ0JG4KR87,87,01HQP4D5Z5MR0VYT0QEPQEAJMX,2023-06-17
becaa55f-8ffd-41f5-a470-4ed8e25cc5eb,4QK4QK4PX53,63,01HQP4D5ZVK24J6T88T90XXCAM,2023-07-13
8b20dfea-f0e1-436a-bc99-0344ea40909d,4QK4QK4PX53,11,01HQP4D4HD83GEB7K121WXCHDV,2023-12-09
7e1c33b6-9a60-40d5-9269-af258ec5aeb3,4QR7MM5ME25,17,01HQP4D6AJWW5C55M4N80A6890,2023-06-14
aa501cca-93e9-451d-9a53-80b074f3bfcf,4QR7MM5ME25,51,01HQP4D5APNZYFP95MH9J9FZ3G,2023-11-21
372ddeb9-8566-4b50-ab2a-c29e1dd7b63d,4R40D92HK27,54,01HQP4D4W2W05172CPX33A26PT,2024-02-13
bf852abc-86b6-4c41-b884-d61aef98aa7a,4TY8N90CV29,41,01HQP4D6EA3MKD2BNSBWDGAE4N,2023-04-22
7fa86c07-6746-4370-b4ff-2076985b083c,4U34CM9KF76,33,01HQP4CZSK1CGWZQRE5C2KJS7F,2023-03-01
1ee7a5a4-6d36-4bb3-a591-15147c74b26a,4U34CM9KF76,11,01HQP4D1CTQVXVD0ASD61TGDQ7,2023-09-10
16145ec9-9895-4681-b6d3-386d7bad5a90,4VA3KE8TK23,98,01HQP4D3ZB6W8PZM6DDRNBMMJF,2023-05-11
c495f30b-38bd-4266-915c-01a4db65ea94,4VT0G87GW95,36,01HQP4D6DEYRDT0ZJYCM2V5Z2Z,2024-01-14
348cddc1-3e0b-4548-b768-0fb2b1c11b9d,4VV2QF4QF87,57,01HQP4D517PJH9FMCQNW9F4YKD,2023-12-10
e7a2f9a9-25e9-484c-9269-1d290e1ed634,4W28GN6RM58,32,01HQP4D51KNRW9VE3R05J0WYRJ,2023-09-16
388f7fe2-2164-467b-b3ec-daadbc6dcb0f,4W28GN6RM58,94,01HQP4D6DX3GS6KSN8F28EDCN8,2023-06-10
c205516f-ba34-4313-8b59-f01d63b84533,4WA0YY7HX63,88,01HQP4D32EG59TZMETXMFV8Z9J,2023-08-19
24cb7512-6d2b-4723-ba96-c9149056c8cf,4WA0YY7HX63,80,01HQP4D79PWPXRJNFASHJCWKQZ,2023-09-18
3a0ba63c-63c5-4570-be48-9402dce8b8aa,4WE9DV6GK07,6,01HQP4D1B27FPFZV8AC20YY2DV,2023-04-03
53a1bdf1-7943-44cd-aecc-fffa7c453d13,4WF0MU0DU65,45,01HQP4D17MK1HDBKAD2C5F0M9H,2023-03-17
5d66ae41-4a22-4e84-aeff-f3b523b93464,4WT0JA1JN41,14,01HQP4D50Y527WKGT8R844JFNE,2023-06-04
49104769-95de-4913-9c52-589360e07137,4XF8TG5CD85,27,01HQP4D1CY3QB1R4616K2AZKGY,2023-06-26
03fe6505-7afa-4111-a2e0-10a18aa3cee9,4XF8TG5CD85,36,01HQP4D5A94QWDV58YBY2C66VB,2024-02-14
bc5aec34-ec78-486b-9c2a-23641083fe1c,5AR0UM6CP81,28,01HQP4D4NRDW1PXB9ECGZG0DVD,2023-11-20
bcbcacd3-fa74-4910-87a4-0b7786f71049,5AR0UM6CP81,52,01HQP4D60355Z5Q4NKRN3CXCAF,2023-10-31
d48072d4-9578-4e4d-9e53-da30456e6047,5AR4P18VD58,50,01HQP4D6EE3A8FSG5F0T3KVSE2,2023-09-17
c18e8055-6208-4357-9c6a-ae7fc3292bc5,5AR4P18VD58,54,01HQP4D6BR3WWY3VZBC2GH160N,2023-07-23
0b8f53d5-6909-481e-8045-c43e8adcd4eb,5CP9DJ1MD50,78,01HQP4D48ZRNKGJT14VZ7BYFMB,2024-01-06
cbaa5d36-879f-480d-82f9-bfd6e2721d05,5CQ1KE2YU33,24,01HQP4D478TA6HZGGGVHZR7950,2024-01-04
20630a75-9550-423b-8437-fd62f77e7c9b,5CQ1KE2YU33,75,01HQP4D6DRGAQDVP7E606BWYWB,2024-02-05
7b744b2c-f323-4389-bc45-87548bf503fd,5CU0YK2UU75,81,01HQP4CZRKXSAA26F96H4ZVFFS,2024-02-17
117797c6-4047-4f5e-afdc-66a36238fb3c,5CW2Q80YT56,59,01HQP4D17X37VBQFK98130RBQD,2023-06-30
b457b8c5-78f8-4635-b10f-b7ef2d7e55f5,5CY7M41EK82,1,01HQP4D6AXWC96PQPEZ86M61H6,2024-01-05
43455077-cc75-405f-9ca0-7e907743b807,5CY7M41EK82,80,01HQP4D18D5CHNJT6JJT9MZVJB,2024-02-18
9347ae9b-3c16-4bc2-929e-ff68338891fc,5D22HQ2CF81,56,01HQP4D32HRCMHKNT2MRZE4RTD,2023-12-16
5d08089b-8c40-4141-910d-99ef66cb8853,5D75GP1QA97,82,01HQP4D507SN9XDAC1TAP0MBG5,2023-03-21
0e828138-0a2b-4cd9-9bf7-773bfa265d47,5D75GP1QA97,91,01HQP4D608930RB6HX2BWWTFEF,2023-10-12
baaf5202-f41c-4b9a-a2b0-97a128b69cf4,5DM0JQ4WC42,82,01HQP4D6B525FN6QPS8S1TE0VB,2023-07-13
ddf64227-d009-435c-849f-12e363febbe3,5DM0JQ4WC42,48,01HQP4D47BSMFF80AHBJEQD8WG,2024-02-17
a945f018-0fd8-43e8-a4bb-2ba870a9515f,5E02M85JK19,36,01HQP4D5113WK76R9RS3JA6X7F,2023-04-09
2a34c773-a085-47ed-93dd-661a88ff9251,5F59E61AF25,45,01HQP4CZQYFPBMK763BTDBQFC7,2023-06-09
404a857a-e1ae-4341-9cc5-df0ab929e6c8,5F99RY9HY69,52,01HQP4D32SYJ8WVCDBFHQS7SW8,2023-03-02
9eb10bc5-0986-47ff-ba0b-d5acc45dbe6a,5G81JY9KG59,33,01HQP4D5ENDRBD0TKWR4BEVMRV,2024-01-12
5e997801-9763-422c-b261-1ab21a191c8e,5GG1EF1AH54,64,01HQP4D48P0WK5FFKZC5HG0Z24,2023-12-22
7e497a55-bd2f-484f-911b-cd9bb8efc4fd,5GW4Q24HM12,89,01HQP4D34GGQF8RZXYP5JGQXWP,2023-06-24
362c3a68-e425-4f71-bf89-3d255c9eebf6,5GW4Q24HM12,75,01HQP4D59CFVGRPX44DVPGF45Z,2023-03-30
43c55d69-3220-45cd-b0ce-66a8864096ca,5H28Q77YH37,44,01HQP4D17FMWC793H6Y4RVGFWX,2024-01-11
d5b57fec-e51e-4934-90f5-4ad699fa45b6,5H50PH9ER98,99,01HQP4D6GJ4TC98G6ZQYSDF3S2,2023-08-12
2279eef3-050e-4e30-94b1-07ff79c54205,5HC2NX5MK84,31,01HQP4D323Z52DZTP709PH2SK4,2023-06-15
06397d42-8f44-47ae-9414-c1ec827def1f,5HH2QP4DH58,40,01HQP4D4VZM5840N01SRATT8Q1,2023-06-11
176cd5c6-f445-44f8-9545-a95f42e2ea3e,5HU4HW2JM72,75,01HQP4D6DVT5MVSPHY9QADHZVF,2023-05-10
2a7db6dc-b348-4cfd-9f3a-a21ad4c543ec,5HU4HW2JM72,53,01HQP4D5A94QWDV58YBY2C66VB,2024-01-31
b10c3ce4-8831-4a0c-9a6b-e98696fd625f,5HU4HW2JM72,59,01HQP4D4VZM5840N01SRATT8Q1,2023-06-10
e430943e-9bde-4b62-b053-d3e637539dab,5J15H38WH46,17,01HQP4D30GRG7JFT77G6XN29TB,2023-06-28
4911da5c-4e2b-4377-a60c-2fdddccdd9b1,5J15H38WH46,76,01HQP4D5DFM4DH4ZC88R4KZ9R4,2023-04-15
619ff4e1-b6c0-4e4e-84a7-829d2d49c381,5J15H38WH46,21,01HQP4D30SHXGNSGC1W7C3HWSK,2023-07-12
6c585d5f-78fb-4c28-b0cd-d15b40bd1be3,5J29RW9EP00,87,01HQP4D617JEQ067T88Y08N7NR,2023-08-23
2ef7e757-9925-4b6d-b471-d6e121a6f077,5J29RW9EP00,16,01HQP4D4H47KFJRB4SK6G6BRQA,2023-12-12
994e4d02-30f0-4e0b-8799-1f328c39a969,5JT8J45UF98,5,01HQP4D6C1GDCT3PK7N3TXDERX,2023-12-01
e875bf60-4e73-4d1b-83aa-b08f31d28010,5JU8NH9YW95,75,01HQP4D53PGSEARGGQK2RQKNCZ,2023-04-01
d271ebf6-6626-4d76-899c-dbad889ac402,5JU8NH9YW95,70,01HQP4D6G89VRB9JW4W2ZE1K0T,2023-10-29
ec9da623-1807-491b-a0e4-21be90c6cd8e,5JV1DE6VF86,41,01HQP4D54VYC92C0STGV3G0QTP,2023-12-12
5d303738-0e00-4daa-aa21-94a688d8ac07,5JV1DE6VF86,99,01HQP4D59SV74AKEW69M6MAY9T,2023-05-16
f3e4381b-8e9b-45a7-915b-7587f1c63876,5JY2TX8EV42,84,01HQP4D4RVWKP91SDB8V7YT5AR,2024-01-09
4bea50d5-8b3e-4a7b-ab70-b3029928242a,5JY2TX8EV42,89,01HQP4D1CZXXMN26Q1JJ01AEKM,2023-12-20
7226e876-549e-4207-a740-367389706d19,5K13H42VN39,19,01HQP4D50AN05XSFM9JHA05RZQ,2023-03-04
1618d4f8-624b-4221-9cf8-db021d89fefe,5K37U95WP77,96,01HQP4D53MKKN9H2FM2RC6CZ5E,2023-05-14
07b095b4-054d-47ea-b7a8-6f83550031b1,5MA9NC4VR07,24,01HQP4D17JSSFQBMYKZXMQA4RG,2023-07-18
b8fa9a06-cab0-42f1-b9ac-387713d98c29,5MA9NC4VR07,51,01HQP4D79ARNP1W1QR0TD9TZB5,2023-03-27
1f95bfd1-c9e2-4699-b1f9-3a860ca1f607,5MA9NC4VR07,12,01HQP4D537NN4G30BJC2EE8324,2023-06-07
d373eed7-ac7d-408c-8190-01b42bf48656,5MM5E06PE56,32,01HQP4D5ES3AEG8KR400JFR5CJ,2023-07-06
6c4db882-1dd6-4e84-8101-e1077a840199,5MN2A10FG43,100,01HQP4D5AE1EYB9SAWWHVV8PRX,2023-06-05
e7e358b0-e359-424f-bef2-583c59a38489,5NR9NC6JU43,71,01HQP4D6FJEMVGS7WS8YWE6C54,2023-10-21
c284bdae-1ef3-4d11-bafd-c0da9445a0fb,5NW5FT0NA97,73,01HQP4D32FZ0Z3BCFN748MKM8A,2023-12-01
0b621a7c-8b40-42ee-a7ff-460dfbaa8624,5NY9RN5MP43,48,01HQP4D610MQ6F5ZJSVC0NAPJC,2023-05-26
00eb41d6-7f6d-4953-a3ee-c44fe375b0be,5PV5D00DW17,71,01HQP4D51D5MN7QB6BYMCQ6T5R,2023-09-12
5b7869aa-5c5d-49e0-87ec-0f3fb8e5a1a1,5PV5D00DW17,46,01HQP4D4WG8FYV5YRKJW244DD5,2023-10-24
5aa12cc8-3634-43ff-9ffe-91033cd75fbc,5PV5D00DW17,18,01HQP4CZTNZ7C1EG36C4ADQYQP,2023-11-17
43fdd78d-c617-4b03-bf31-56e3412b2f97,5PY8YH2VC89,27,01HQP4D53FAMBW98YMSJB2Q38T,2023-10-13
6b9d0f6d-1f61-4f09-8f21-49e692481c28,5Q24NY2ER45,46,01HQP4D17X37VBQFK98130RBQD,2023-09-14
e13555de-e47c-43ee-aea8-ee345a4d3719,5Q24NY2ER45,62,01HQP4D5ZZCA3MFCM029PM4XYZ,2023-12-07
2e98b09d-3216-495f-839e-6d4318c16083,5QM6RD9XU64,2,01HQP4D54RR7VSMZWXAC9VX8QB,2023-05-15
97dfe091-236a-4754-8f58-d5c5bf99d29e,5QR1UG6RR05,89,01HQP4D794Z3DR4KP7AWJTKVKX,2023-06-21
625b8ea9-4bfe-4f86-8d55-ddf440980266,5R20CU9PY77,66,01HQP4D1C01PTR7191HA9P5S6B,2023-07-07
055fdfe0-dc75-4765-a3e8-bba43c30d135,5RD6F26UD90,8,01HQP4D534AMED8FCR3VRVT8H2,2023-07-16
8f41ed99-3af9-4525-9698-094205e3383b,5RP2HA7XD88,85,01HQP4D5BE7H36P0HHAH82JK6W,2023-08-21
2d908379-37e8-40dd-839a-2724dff02ba7,5RP2HA7XD88,34,01HQP4D619H60543XR7YKDVDC6,2023-09-07
e742c35e-972f-4aee-b434-54161a311721,5RQ1Y86EW30,31,01HQP4D4GFQ1XV0P02QPENBGYG,2023-03-17
523235c4-9b3d-413d-a8e0-0f78712fac6c,5RQ1Y86EW30,73,01HQP4D4HH3B70ZDATEVT596CE,2023-10-22
e93c466b-9159-4d75-b6a1-e6f33d4ffebd,5TD5FY6VD00,73,01HQP4D5BBN3NGPYNKJ92GKPDN,2023-08-06
1e444cbc-dbbb-49e8-af3b-4fe2ddc42678,5TD5FY6VD00,50,01HQP4D798WSB8VNPPPHYSPHYY,2023-03-24
032271c1-384f-493e-bf2d-2f5da21a72fa,5TJ3EK4JJ51,17,01HQP4D5BNFZHNM599DHX2K128,2023-12-26
0f99b31c-9aab-4158-9d4b-75fee2406010,5U01FW4VA70,68,01HQP4D79V3JZ4HYEXME27YHJQ,2023-10-07
7b1a1f9a-4f86-43bd-b98d-d915272cdace,5U52EK3YU02,61,01HQP4D6MNYY20GXV58A6D6GJW,2023-11-10
79edfc29-3c3c-4e43-9598-5aa3ee4e1c5f,5U52EK3YU02,98,01HQP4CZRQM3906AZYNEJDQ6WA,2024-02-08
33d99b95-4133-46ce-b69a-14634e6ef75a,5U52EK3YU02,62,01HQP4D6G5A1NX4A9Q3YF0C7T7,2023-03-20
867b90b3-4f4e-4fa1-a72b-e11671b96ac4,5UG9GG9NU07,42,01HQP4D5ADG024W0B01ZJKGDWA,2023-12-24
d005bc9b-65d6-47a5-80a6-d4a8eeb2eb33,5UP1X15CX00,15,01HQP4CZSK1CGWZQRE5C2KJS7F,2023-11-01
226f414e-61e4-4df0-9c12-4af17facf6b0,5UP1X15CX00,10,01HQP4D47T7SQX66VW892DH8GZ,2023-11-22
c41f9f28-e016-4083-826c-ed5cc378988e,5UW6HD6AA71,28,01HQP4D4NP48QTBHG3J311TMC2,2023-12-09
d1790dc2-820a-4e2e-bd7b-154b8478952f,5V16GF1RE57,20,01HQP4D4SJTAE97PSM163B3NAW,2023-09-23
fc03eadc-2947-4974-ac3e-be880a2d2b5d,5V16GF1RE57,5,01HQP4D79H6FYF1FJBR8NKJBAC,2023-12-10
5b05a975-0daa-4e6e-bc60-bcbb9c5651e4,5V16GF1RE57,57,01HQP4D4T94BNQDQ3VEA14FPMF,2023-11-06
8dcf23cc-1ca3-4f68-9dfe-a0750a073bf6,5V18C87EX96,96,01HQP4D6G97HT7QDVZRK448ZVS,2023-08-31
620f1eb9-da04-421e-940b-15e053c98dfb,5V72QU1VT04,42,01HQP4D50CF0Y1KC53PXF22QPX,2024-02-18
579f58ac-e460-4b9f-9db5-ec706c87d7f1,5V72QU1VT04,42,01HQP4CZS2X92V32176A7S82HK,2023-07-24
f3be660a-ab06-411c-a9ef-1264c7e4f0b2,5W60EF8NC85,94,01HQP4D2TP66E56ZJRC48SKK77,2023-03-27
d9f01bc0-cc27-4dcd-8f5e-f5bd111778a6,5W60EF8NC85,6,01HQP4D6GG30SGNVY3MQV665YE,2023-03-16
8a261329-9af9-47df-87c7-34510b22795b,5W89AE4RK75,51,01HQP4D4THWKCB92P4E9QFR5DG,2023-07-20
7d6f13eb-63e0-439e-9b99-8362a81ad115,5W89AE4RK75,33,01HQP4D4WHRJ3TD69YPF24PJDJ,2023-07-28
9379717d-3d2b-46c5-af91-ae475247b544,5W89AE4RK75,3,01HQP4D032H10XF8CZHY888BRW,2023-07-27
aab4a0e4-e48a-44e4-b520-e39e0e3e9cc5,5WU1TT1DU55,68,01HQP4D6DCHPDRG10DJF3PPYC3,2023-04-27
5aa11d2f-64dc-4010-8581-6cf2cbc8cbb0,5WU1TT1DU55,8,01HQP4D5DNDBHNVY5P2JK850ZR,2023-08-24
7d183e8f-5817-4803-a623-4030889d1495,5X49PJ5JQ70,79,01HQP4D54P3RN3MK118PAWYYQK,2023-09-05
414e4f38-1c2b-4b49-972b-8bf1a230d926,5XA1DC9TW91,50,01HQP4D40EBTTZYRQRRWC4SFFB,2023-10-31
3d593659-6673-4b30-ae2c-888f83762bc9,5XA1DC9TW91,28,01HQP4D5AMJVY6CMT5VJHMBM8N,2023-03-19
9dbca77a-3c26-4c99-ac1c-0d56a4e7c6d8,5XE2CF3NM24,72,01HQP4D1B9M1X8YQ1MFP6WCN0J,2023-11-28
7cfb751e-0eaf-46d0-96e5-1460697417ff,5XE2CF3NM24,21,01HQP4D5BV1M902CXNZ1HZHSP8,2023-06-05
6755a79f-e50b-4126-af54-d01a793b9739,5XN8A33AQ51,58,01HQP4D4GBX62C6YDRY486ANYB,2023-10-08
084179ae-4f5a-4628-8ed4-ca21580412d4,5Y48F97CT45,46,01HQP4D6DSWHFWK4QX3266PVKM,2023-10-02
fe658421-eb08-457a-b062-518fa1d7da7f,5Y55K16WV99,41,01HQP4D6BNTWQQ0TGN4KB5NB4S,2023-08-14
352da304-48ba-469c-baf3-cfdc993b4abb,5Y55K16WV99,27,01HQP4D5A5EB4MRGAFXD0J2501,2023-07-29
bee235af-69d1-4b45-ab50-38fb793aaaea,5Y55K16WV99,34,01HQP4D59SV74AKEW69M6MAY9T,2023-11-05
e6c1ff93-cea0-4ae9-8602-9a704a9b5061,5Y55K16WV99,81,01HQP4D6EE3A8FSG5F0T3KVSE2,2023-06-28
754bfff9-261d-4029-8343-ccef21fa40db,5Y55K16WV99,11,01HQP4D5BF68E5KBK27ABBX044,2023-03-28
779cee94-a76a-4899-b1f3-8f52fe415329,5Y57Q10JK69,2,01HQP4D34JP8WD424W9QVT533X,2023-08-16
512984e3-c6e5-4b3b-a705-d7bafe71cd95,5YK0D15FA43,92,01HQP4D498AFMAV0YJ1Q3GFQN5,2023-12-06
83ebec35-e9ba-41c6-90a1-287d6c3c13e3,5YW3PY7VC24,84,01HQP4D4KWJN8EV22YYYREK0R9,2024-01-20
cadcfb4d-962e-4b3a-8e4b-87de35731c85,6A24FN8QP00,72,01HQP4D509TSWMP49TTBJ56KZD,2023-07-13
4cf7cf3d-985e-4038-b71f-a3ff97535eac,6AM0UD3GR27,38,01HQP4D4HMZ21Z3G8XTE4JESXR,2023-11-14
05852ff8-b289-4d83-b882-8c995c24ac1b,6AQ0QD0VQ97,53,01HQP4CZR8H55JVBC96KTXYN2J,2023-07-15
6a2f09d1-a060-419c-b866-9bfb824fee84,6AX0KU2YW33,44,01HQP4D3ZXB3V4KFR9YNFAPECK,2023-04-25
ab9d0a4e-55a2-414a-afdc-794fecffad48,6AX3VG7UD97,10,01HQP4CZTFTG4F9BVRQ2PKTDWY,2023-12-17
dfcb7cf1-547b-409c-9691-51cff6feb15a,6C77Y64AG94,100,01HQP4D4NF8C9Y92K5AF672ME7,2023-12-06
c35652ff-153d-410f-b097-554d18aa8ab8,6C77Y64AG94,54,01HQP4D5ZGG80ZBSQD620FVG2S,2024-02-09
37cf60f4-ff7f-4e9a-8852-5531156a921f,6C84UT4PC91,38,01HQP4D4GM16W4RS90ZJ41X79E,2023-03-18
31e36f56-ddb9-46b9-9063-b75a2f3921e3,6C91Y31QY35,64,01HQP4D6PF2Q2V7C9HCXEHXGV7,2023-07-18
6d6fd9f4-6b5e-4c00-90fc-a3fc4ba6a474,6CK7V69UP12,91,01HQP4D79H6FYF1FJBR8NKJBAC,2023-07-19
49372941-3257-4e8f-89ea-6b0367fae902,6CT0GT3GM72,25,01HQP4D4HQM2SAQN20TMY9G893,2023-06-23
0268f6b3-9931-4e20-94cd-37e2f163046f,6D73C39JV27,31,01HQP4D6DMBGERD9ZBKEZM2YMQ,2023-11-27
6db37062-08de-4384-a2f9-edebc63ce60e,6D73C39JV27,81,01HQP4D50S26C2DZXFDZV3WQ50,2023-10-27
bdb205ae-48bc-42a2-b763-d011a6ca6423,6EE8M41QM49,15,01HQP4D5C5FE93K9PMJKD538R5,2024-02-08
800c17a3-1114-46a9-bb29-774c985054e7,6EE8M41QM49,20,01HQP4D5BDXCZBBGKMN1Y27CC9,2023-10-21
708292f7-33da-4aae-9bda-d9ebdab78501,6EW8P82DX52,43,01HQP4D54MX9HBVBV1GTGNVRS3,2023-06-30
cda03292-564e-423a-b45d-4a347986d135,6EW8P82DX52,49,01HQP4D60762591X0BZ0V1KNRF,2024-02-09
addda7a8-7ccd-4b9e-8e89-6a3de16f16ff,6EW8P82DX52,59,01HQP4CZT34M8A42CQY33KHS23,2023-03-22
b2ecabc6-0010-4595-97f1-71b76b52436b,6F96NR4QY05,99,01HQP4CZRQM3906AZYNEJDQ6WA,2023-08-02
37f6713d-6759-4943-b437-0e98b97ece48,6F96NR4QY05,15,01HQP4D3ZHX6Q8HT4BYDQ32SKX,2023-12-10
462dc240-1fef-4d7c-86d5-2e770d4818e2,6F96NR4QY05,72,01HQP4D4GX6V8MGMYJ7A6AAY83,2023-07-09
22f4d1e5-8a3a-432d-b824-ed63aa38f7dd,6FA1RE4WG80,98,01HQP4CZRWFWBFMES4C8NXFR4W,2023-11-25
82a785ae-76c6-4dd6-838f-3acf53ed1473,6FA1RE4WG80,3,01HQP4D6DGY6XKYS1AHV3CJG7E,2023-12-02
a8ef24bb-c6c9-451b-bfb6-da8c2fdc400e,6FH4QC2XJ70,1,01HQP4D4S77NBW0SBN4FRP51RH,2024-02-02
b737d891-0688-4753-9930-9a4ef7e851a6,6FU9YR4DJ53,82,01HQP4CZSP222FPEQ23GTSQ51T,2023-06-11
544352bd-8ce5-4361-b24d-26dded62f946,6FU9YR4DJ53,84,01HQP4D60CQMBTNN266YBY3E20,2024-02-01
632c316c-c667-412d-925b-bc81ff826c7c,6FV4U47WK44,65,01HQP4D4GZMTCNSJ0P7GW153PK,2023-08-04
ea77a4a9-f974-4fb6-821c-63d06e42d0a8,6FX8TX9JD34,54,01HQP4D5B790HX5YT74RTVVCAD,2024-02-23
e6617c72-e5da-4f39-9b73-4ba4086969c2,6FX8TX9JD34,70,01HQP4D6EY8KQN0752H4ECNKNP,2023-07-03
0c2435e5-8c98-4e31-8ac8-b4e8736b5313,6FX8TX9JD34,3,01HQP4D2TW6K75NCE477A9N86G,2024-02-20
7ed71db1-3da9-4448-888f-b9e15c120441,6GH6RN6NU44,75,01HQP4D02MXNHYB7D2X4QVVGQB,2023-05-22
113d8efd-2de4-4146-96f0-8b745a01c523,6GN1GW1FX19,88,01HQP4D79MK6YVPAGWW38ECQG2,2023-09-03
068a6d3a-4e54-49fb-94f1-6bf2d0b46e69,6GX5N08EG75,88,01HQP4D3ZTMYN2HNG2Q0NEC1HC,2023-08-02
6e916d5d-6290-49fa-b4a5-56107b375394,6H44E65GN69,36,01HQP4D6E50X0A9S44H518QEGF,2024-01-11
e9575426-84fb-4dbe-83a3-edc889cc799f,6H44E65GN69,6,01HQP4D6FJEMVGS7WS8YWE6C54,2023-05-07
379ccf8e-cd3f-49cb-8275-4ccf15a181c3,6HP6PN8HR49,63,01HQP4D5B6Y710HK4ZQ026CKVQ,2023-06-23
8b63a950-989b-44b0-801d-e6d67bd2636d,6HP6PN8HR49,81,01HQP4D5AHK914V400RDT9ZRY9,2023-09-17
232447a0-7acd-48c8-be19-2260832a3d2d,6JA8KA1DH33,5,01HQP4D6D4WNQFJR2KHEN0RGNG,2023-12-31
1e74a4b1-4268-4c98-82ae-f82d74dc94aa,6JA8KA1DH33,14,01HQP4D6DJWKKWCKY4JWDEYD82,2024-02-02
0aa7b3ef-b4c8-4045-a225-7e3e0bf2029b,6JF7KC0ME02,88,01HQP4D4S1V9ANV9E6YE3GGF1E,2023-06-20
ae55a155-a0c9-45d1-b38f-7b93b7b0c5e1,6JN2HM8YH08,13,01HQP4D50X4YVYN2NPWPBZT43B,2024-01-21
636afe07-5fba-4d7c-bfd6-a4a06a9a558f,6JN2HM8YH08,83,01HQP4D18Q0Y2NT5094PRFKB13,2023-03-12
805d58fd-fa84-47e2-a9f9-a65a7a8e95df,6JV7M99CK28,26,01HQP4D4M0RFRS6AQGT047NA6Z,2023-06-16
7ab83e90-e3f2-490e-9963-9a7cab53facc,6K49P59MK21,4,01HQP4D5B5W2TP9MQGYX3ZMMKK,2023-08-16
6f41ce41-96f5-4abd-8d76-dfc6f7e0a14f,6K49P59MK21,25,01HQP4D4N1Q2PAPXNDJ6VXBTAJ,2023-06-08
99fe81e9-c604-4020-bf72-169556746a3c,6KP8W20GD67,17,01HQP4D5BBN3NGPYNKJ92GKPDN,2023-08-23
d35cf840-2485-4d1e-a35e-a9b2cf904553,6M32W77QE04,78,01HQP4D033DETE5CABSM4TXKQ4,2023-07-13
565b4daf-500c-44d3-925c-d40a3ab0f507,6M32W77QE04,16,01HQP4D59PPKPF30MRJRZMEXVX,2023-11-12
5c140a72-6867-4cb1-bd79-54e413d9a229,6M80YW4FG10,1,01HQP4D5EAY77H0M3BVN4WZ4GQ,2023-08-15
d5bb0be5-40c3-4416-9922-b4c93a93f465,6MG9MC2NG59,8,01HQP4D4T72D93SP2CWMS108TW,2023-03-25
79d18d75-3aaa-4ab5-b30a-e779d2505319,6MT0UY8TQ82,52,01HQP4D5AMWZ4JY5QG1YSDQ2AZ,2024-01-08
bf1e981e-ef57-49af-b060-9e24fccc6b49,6MT0UY8TQ82,13,01HQP4D5164VK4QPEJ046NWTFB,2024-01-21
0da804bb-2619-426c-8164-a2989ca91594,6N29QJ2JV21,22,01HQP4D49BSPNAEK8FVKYEGS56,2023-05-17
a027fa1d-7208-4a22-814a-d99b712e6ac4,6N29QJ2JV21,71,01HQP4D2TEBVRBKV3W36JW8970,2023-08-10
0fd247a5-cc17-4e6e-9ce4-f6f33c3ea15b,6N40G90TU39,59,01HQP4D6FXP31471V7T0SJK30N,2023-09-01
0e03a2bb-dc9d-4fe3-9511-5b8bc5e7b03c,6N52XT3EH05,40,01HQP4D50QE9M5XYGKCBZ9JW8Q,2023-04-06
89954c33-6a0a-4148-b360-3b3a0dc05820,6N52XT3EH05,55,01HQP4D1857T41245CK7BES2YY,2023-05-11
289eff66-a6d0-41cf-b341-a0b71d150f3f,6N52XT3EH05,66,01HQP4CZTBCJ4YRSHQPSGNPQCT,2024-01-15
fb7d2ddb-b295-48ec-9381-2e510610b239,6N84H90ND01,94,01HQP4D48ZRNKGJT14VZ7BYFMB,2024-01-16
c5ab5693-e596-4bee-9965-d6cc99ce72f4,6NC4AV4RC77,94,01HQP4D6GE7Q8Z98BEXSFA9FSE,2024-01-29
00f15828-2fea-4fb3-813e-584f8955ceac,6NF6T09NQ34,87,01HQP4D1B27FPFZV8AC20YY2DV,2023-03-08
5ec2df0c-66df-4bc3-b6eb-95e2ea4e7134,6NF6T09NQ34,11,01HQP4D537NN4G30BJC2EE8324,2024-01-27
a0ce7030-7db8-412a-abca-58ed5be1c9eb,6P94HV2EM94,14,01HQP4D6D9Z8ACF5BEBWSJCGB7,2023-07-30
b428b469-f18d-4ade-80f5-0edf7328bb57,6PA4T31GN86,41,01HQP4D486RZVY7XB4DDHB74BP,2024-01-24
581e5d20-413f-48ab-bc3e-e1cf42e3e1a9,6PQ0K75PP44,56,01HQP4D5ZZKAM3A9H1HRR8VRJ5,2023-03-10
5f29b70f-7c90-432b-b8ac-549512bced65,6Q90RW1KA97,27,01HQP4D4WC58BHP4B380RV10S1,2024-01-12
c6a6bdd3-26d5-41f1-abed-6550415df61d,6QG0TH6TE40,43,01HQP4D50P1KKK7JRN3YHKE0P2,2023-08-28
048173f8-8ba1-4f11-ad82-4a887a4677fb,6QM7E33MW15,99,01HQP4D5ZM5KR6FHQ0KZSFD6S0,2023-10-11
c17c68ce-26d7-43ef-9900-b2733aa876a1,6QN2ME5GY93,4,01HQP4D4947EJ8QFEWDXAAVHF2,2023-05-06
dd5122d1-e328-40f3-9d35-5e4b2829bcf6,6QN2ME5GY93,49,01HQP4D332575H31JMAXBTPE68,2024-02-05
372c6a7f-7893-4039-ae46-65a22bb147be,6RF5GV2JF09,66,01HQP4D6DX3GS6KSN8F28EDCN8,2023-11-08
d19a0905-a23e-443a-9962-a07efd0b780f,6RN1HH3YG41,36,01HQP4D6PK41GC568FNYH0HD7H,2023-11-20
da4b5638-1ab2-4862-bae7-07bd816199d7,6TH2MN1JA79,29,01HQP4D5AEK7GA138S6KXCEN81,2023-04-26
7d81584f-d030-4074-b06f-f5563b49bc5d,6TW3HH8UW98,98,01HQP4D51NB5A44BPCS6Q0JCKM,2023-10-22
c2afbc96-01d7-455e-abbf-298508f036f5,6U87Q47EJ87,85,01HQP4D54DPQVEMSXBGQQ73XFR,2024-02-22
72c4e818-8da3-4b90-ada8-6bf231f4ad4d,6UE1YE8CY27,2,01HQP4D53MKKN9H2FM2RC6CZ5E,2023-09-14
ce80282e-ed92-47bd-a1e8-17b59ecfe05e,6UE1YE8CY27,68,01HQP4D32PBAYJ644BK6TN6FAZ,2023-05-23
b89bad14-1eec-4802-89a9-f1009738837c,6UE1YE8CY27,25,01HQP4D5Z7WQPQHV82GT2BXEDQ,2024-01-08
6866517a-7e34-41fc-8854-c8a27c03cd06,6UE1YE8CY27,86,01HQP4D5ADG024W0B01ZJKGDWA,2023-05-26
175076d9-9fa8-4ccc-a5de-1f9b733ef97c,6VY4KV7WN57,42,01HQP4D6FT82R95B43M7C64Y3Y,2023-10-12
68ed30fe-f887-44ff-94ca-e1e2aeaa9af6,6VY4KV7WN57,88,01HQP4D4S1V9ANV9E6YE3GGF1E,2023-08-27
143193a7-14ed-47e9-85c3-5d32fa0a4cde,6W13GD4YT62,67,01HQP4D3574CSG2RBDJSC253DT,2023-08-03
8ca14fbf-983d-4a46-b713-8dd29967e5c5,6W13GD4YT62,53,01HQP4D02KD8FQ2RK3DZVVYTV6,2023-10-06
79d673e8-cbfe-4711-b675-9eb28c516c91,6W53XX0VH98,39,01HQP4D6DKA7K2AQ25E7V0N220,2023-07-06
95db4509-c007-4bff-b5ee-fb69febc630f,6W53XX0VH98,86,01HQP4D6C0WMXP8ZYN8R5ZRYP4,2023-06-12
b3e3e1f5-f2ce-4156-9113-ea2978bb6ce6,6W53XX0VH98,41,01HQP4D6PHYV1NQ1XVZE9NSMSE,2023-03-13
5795eb3c-4acc-45a5-9a57-de8fd0d2a3cc,6WC7WC7HJ83,76,01HQP4D5AR28THWX89EBXVYGF4,2023-04-07
4293e789-1940-4139-b3b8-34c6c2aa59cd,6XD5GJ7AK48,32,01HQP4D61H66XGQ7MTNRVCRZZ3,2024-01-22
ae42722e-c55d-4820-b5bf-d9bef7035dab,6XD5GJ7AK48,4,01HQP4D6KCVMTK079T42ARQEW4,2024-02-03
d3c04b1c-4d4d-4d0c-8b0b-4bd0f357e924,6XD5GJ7AK48,65,01HQP4D6B8SJMQ2NYKKRKHCQ0W,2023-10-29
6f1db5d2-a1d6-446d-a6a7-fc5675108534,6XD5GJ7AK48,87,01HQP4D6QPZC5DVTN72QAZ7PQK,2024-02-12
d52769f8-c9e0-4ad4-a2b6-b2e4e5d1e694,6XF6X28UA07,97,01HQP4D4N1Q2PAPXNDJ6VXBTAJ,2024-01-14
0b4a539c-bfcb-4c7a-9483-68032465c3b1,6YD5PR4MN09,79,01HQP4D4HTAH4RR9D24W0C8S1W,2023-07-19
c1a19f3b-efa0-478d-af21-bc1b3fa8d763,6YD5PR4MN09,32,01HQP4D6QAR0FJ1J773NFRK3TC,2023-11-07
7a03e686-1df4-44c9-a446-6f665a5205f6,6YF7QC5VE05,68,01HQP4D4GD5N1CHTEXRGAGWGQ6,2023-05-21
67d2aaf4-fbcf-4308-b87e-5fc362750364,6YN6MU7XN42,63,01HQP4D4WC58BHP4B380RV10S1,2023-02-27
40961905-e3c0-4e00-9637-5432ed22603b,7AA8AU5JW27,51,01HQP4D6D6YQ0380VQZSY5XVEH,2023-07-01
63513d90-003f-442e-b46b-39350f78971e,7AH5D87WF22,23,01HQP4D1BD17FBQSWR8QFP31EW,2023-09-21
df488244-d575-49e0-8bfe-a601da8d0025,7AH5D87WF22,95,01HQP4D5CV9TK9EAEA2R0J96PW,2024-02-13
7f77d246-ed24-4d14-9087-c439968c66e6,7C94KT1YQ97,71,01HQP4D507SN9XDAC1TAP0MBG5,2024-01-05
cb73a2cc-bb56-48c4-868e-95235d40875f,7C94KT1YQ97,67,01HQP4D4HNTQPFTPF3WCE24R8M,2023-08-29
44730fa7-09bf-4e6a-9ed3-323dd95e0a25,7CM8R02MK19,43,01HQP4D6DKA7K2AQ25E7V0N220,2023-03-24
4b0faa33-1574-41ab-a7ae-f8aa0ec37eab,7CM8R02MK19,7,01HQP4D5AAV1G5Z53C7NXDHJRY,2023-03-31
3f31a80f-5843-4cb0-9e5c-f98a6dde3371,7D09QR6MQ04,89,01HQP4D5APNG4GPY8M0TR6ZT21,2023-09-28
069bbc33-7cb7-429e-a37e-a0ad1b58920f,7D09QR6MQ04,97,01HQP4D6Q48A6JB99DVVEYGWBQ,2023-02-28
45c9a8dd-8f45-4caa-81d0-dab032649517,7D19XV1TU69,73,01HQP4D79ARNP1W1QR0TD9TZB5,2023-12-01
b3f12397-e783-4fc7-a35f-c6aaf9ea8679,7D27VR1JU52,44,01HQP4D4W7MJ82GGE9T859HX1S,2023-10-02
657bc755-3bbd-4f7e-84a1-36f5098ae10d,7D50QF9PD74,99,01HQP4D486RZVY7XB4DDHB74BP,2023-07-12
6c85bf96-4d70-42e7-b5c2-07d8a5c27118,7D70DM1NP58,36,01HQP4D4RKE9AK2MBE83DCGABN,2024-01-15
6d976207-4d84-42a8-b62a-62971e7bee85,7DR2E19WJ69,27,01HQP4D6BNTWQQ0TGN4KB5NB4S,2023-10-12
b96d86c4-97ea-40b3-a939-56074a51dd5a,7DR2E19WJ69,77,01HQP4D50P1KKK7JRN3YHKE0P2,2023-03-11
99576ebd-a46f-4ec7-aae5-d75492992053,7DR8XM6HT35,38,01HQP4D7A7NHVZEW25GDVPJHYS,2023-04-21
c1babe5c-4a2d-4571-b709-dc6d9ce2ba69,7DR8XM6HT35,44,01HQP4D3Z2VM64A7KH8K6X17W0,2023-08-13
8e6e6a27-271e-4ee4-a289-4453d5e66ba4,7DV8KM4QE54,98,01HQP4D6PHYV1NQ1XVZE9NSMSE,2023-11-20
2c909241-7930-4a15-9efd-6a6ed3850924,7DW4G31GN88,99,01HQP4D5B9YM1ZGXXXT8Y9W4W0,2023-05-10
90fb6f9a-c730-4db1-b4e4-fda003be2444,7E75HD1YP73,54,01HQP4D6FZH084M1Y5DZ77XRB5,2024-02-24
947d7321-e0fc-4eac-b109-3393f9893604,7EF6FU7VJ35,15,01HQP4D609K7Q1A39TQBP61WNZ,2023-04-15
23a8fe63-6486-4759-9179-d80a3d709c77,7EF6FU7VJ35,44,01HQP4D5E8V2E5V2AVY3B4G82N,2024-02-16
95ef95f5-f8a8-4786-b6df-8684b167a1ed,7FJ8UT4WU86,19,01HQP4D5504BH6SBMYKSRJDJMH,2023-08-30
56a3c232-5215-465e-b54b-c76c9a329a8c,7FJ8UT4WU86,2,01HQP4D02SZ6PWAEVY3JYBV1Z6,2023-08-18
7b7f5e4b-3deb-408c-83ce-ae9a24252a8d,7FM1TY2WW43,10,01HQP4CZS0YZ480ZCZ69S40N3M,2023-08-17
1d160eeb-686e-4de5-9cf8-b78c0032552e,7FM1TY2WW43,39,01HQP4D6DHXYP83DFSWG71MEMV,2023-08-29
092f1da5-82df-4b3b-803a-ef9417f13453,7FW5E80FG12,76,01HQP4D6KWAFXXZ9KW80KADWNW,2023-07-07
66f13c9e-d81c-49e9-923c-38b155c1683b,7G13MC0JY01,63,01HQP4D18D5CHNJT6JJT9MZVJB,2023-11-08
37140132-55e4-44cc-afee-315f5e503a6c,7G13MC0JY01,61,01HQP4D17FMWC793H6Y4RVGFWX,2023-03-05
93a1e10b-ba14-4744-88cc-ff5bec54879b,7G13MC0JY01,7,01HQP4D59RK7JT6QBNAADVD718,2023-09-15
c250f151-4b9d-42da-b3c5-3263d9264570,7GT5P93QU02,62,01HQP4D51851DHW22Y9GJFKCYD,2023-03-31
05063da1-5a7f-48b5-8f15-456c98341753,7H97W05EC17,36,01HQP4CZTFTG4F9BVRQ2PKTDWY,2023-07-15
f2fbb003-56bd-486d-ad41-4b39f6d8e58f,7HN1XV6UG72,89,01HQP4D6Q9M38Q7XWCW1E8MH3Z,2024-02-21
42c63165-90b2-47dd-8dbb-2e7b3efb8bc4,7HN1XV6UG72,5,01HQP4D6DRGAQDVP7E606BWYWB,2023-09-16
ec554b87-1d28-423e-8dd2-e6ce30c26258,7HR0PQ5VU71,99,01HQP4D592KSP10HK1VB4WCSZP,2023-11-11
81951583-d686-4ca5-a9a2-d8c10da882b4,7HR0PQ5VU71,41,01HQP4D32XSK20JHS7K5N7KGHP,2024-01-01
391013d6-1741-40fb-94af-7157e97a72c9,7HR0PQ5VU71,18,01HQP4D53MKKN9H2FM2RC6CZ5E,2023-03-30
224e2ae9-004a-4b23-9456-e6e00a186231,7J20TT6QQ76,79,01HQP4D6JMNQSQ6FWYZYTRDFQX,2023-04-26
fadc74fc-1e3c-4451-aafe-ceee51ae4259,7J52G48HX44,60,01HQP4D02SZ6PWAEVY3JYBV1Z6,2023-03-13
fdf2b6b5-f16f-4d6a-be45-2a08a139c10b,7JA5P84ND56,75,01HQP4D34GGQF8RZXYP5JGQXWP,2023-05-04
3a0c3604-e93f-48f5-afc2-905509742075,7JA5P84ND56,71,01HQP4D6ET6MQRS9KMWDM703P7,2023-08-29
78d322cf-4f26-470a-83ce-ff952861e387,7JA5P84ND56,97,01HQP4D35JZBWJFRM88TVSA4R2,2023-12-06
e4aeb305-bc08-44ed-9321-e7809788f924,7JJ7UD4TV20,72,01HQP4D6JF6C0KA90XZC1NKHVK,2023-07-02
f2a8a734-8132-4f69-891f-3c66cc50c586,7JJ7UD4TV20,37,01HQP4D4GGYN00AB3GAYDQ7Q9Y,2023-12-31
84ddcb8c-d831-40f0-8ab3-257a0789d33b,7JM1DQ6PQ60,29,01HQP4D6MK3BN93ECJQ8E7K4RS,2023-10-09
cfa3799c-820f-40d7-ba72-dc97b193f887,7JM1DQ6PQ60,26,01HQP4D4WG8FYV5YRKJW244DD5,2023-11-28
0a0bcf58-a8b8-4460-81aa-509e1883baa5,7JM1DQ6PQ60,14,01HQP4D4H4B8JF2DE0QZMZRDNB,2024-01-06
21f718ea-f79c-429b-8838-6464fd389ff1,7KK4QD6VJ27,15,01HQP4D5AF65KZWACSPRQ5DHPJ,2023-03-31
0c8c167f-5956-4a77-a7f9-0406c5218f48,7KK4QD6VJ27,89,01HQP4D5CAAB7844AM7220VCRT,2024-02-15
3de0fafe-ca5d-4cef-a477-18aec15ea39b,7KK4QD6VJ27,27,01HQP4D6ATT55282Y7KPF00XGG,2023-07-01
38111950-59e2-439d-ad3e-b20c0c2969ef,7KN6VV9CC93,63,01HQP4D61FMQ4G0Y8NWJJY92C9,2023-05-01
202ea378-d29b-49a7-ba21-e0a215ae486c,7KN6VV9CC93,73,01HQP4D6BKJTGQH74BP921YAPT,2024-02-10
69f887c0-faf1-48f8-80c5-aa83b05d6935,7KN6VV9CC93,46,01HQP4D50MZYVQ6ME00EM3E6VE,2024-01-29
cbb650a3-55b7-457a-9118-600e23fb3191,7M38VY0DM42,69,01HQP4D17FMWC793H6Y4RVGFWX,2023-04-21
5aa700dc-67c2-4b3f-a982-88c618ff5172,7M38VY0DM42,6,01HQP4D1CBV4FC7XMQ86VSWBZ4,2023-04-15
69d9c916-da4b-44b9-a9a6-9d7163969c87,7M60C98JA32,98,01HQP4D34WPH9P66T5152CCDXT,2023-06-30
e1515de9-3d38-4779-90a7-94cd3a89a891,7ME4FQ7DX53,80,01HQP4D02ZYRG41QPVRGJQFE1M,2024-01-15
5b0f6d58-1669-49e0-8fdb-0e0e28c672b0,7MH7EK5AX15,3,01HQP4D2ZYY4365FQCY13Y0CK7,2023-05-29
7ffe87aa-0086-407c-81b2-8e220d7f19ad,7MH7EK5AX15,67,01HQP4D1BRZWF6W283CNBWBXY5,2023-11-10
84ddeaec-4574-4257-9e87-aa9610d5d650,7MU5HN8MJ83,80,01HQP4D6GC0SMN3P7WTA7ZYV51,2023-12-25
f0329fb7-5427-4bc4-bb1b-a0a88ac8f2ce,7N14RF7VM01,16,01HQP4D40FG2ZAAW8E4DE8DF95,2023-10-15
22524a30-bbef-450b-9083-ba1ac147d3cf,7N88VQ4UE55,16,01HQP4D038Z600N5A1GBB5476W,2023-08-16
7995aea4-1e1e-478a-ba97-7e3fe1e375e8,7NC1GA1YT74,6,01HQP4D6MR8QKN37ND0CSF3XSB,2023-03-10
05ce6c75-4a20-45d9-9497-83392c0b5458,7NV0MM2GU87,44,01HQP4D4M4BS462897896GE1TX,2023-03-28
c0b61d3a-319b-4ba6-85e2-b161a002f224,7NV0MM2GU87,84,01HQP4D6Q6B2MT1KEZV1SN7MJM,2023-08-16
86c6d292-2de7-4845-834c-677756ec0f31,7P28TW5UU29,20,01HQP4D78TZCX81X42WB78345R,2023-09-19
d2234d78-102b-45eb-8a51-017c2dd34363,7Q83EM8NH08,90,01HQP4D491T0HS57YH9X8320YF,2023-05-19
f3c3eea5-2490-46c7-ab0a-d2a8dcbcada5,7QT1T38CQ83,44,01HQP4D3YRRSGHMMABAHXGDBJ0,2023-10-25
ac6cb891-b853-4d2b-a55d-9a061a7aeb1f,7QT1T38CQ83,71,01HQP4D5BZDQ70F7R1MDAPHC0R,2023-12-13
6870014d-e80b-4918-a45b-2872f36aab49,7R17Y59UN27,24,01HQP4D546K2AXK0R1XXD37G1K,2024-02-10
ff60b96d-31ae-4299-86f4-0bfd9b582c9b,7R59FV1RP40,100,01HQP4D34RKAV4GDSA9N6E7Y2X,2023-08-04
131e890e-8f2b-45e3-8b32-262d470251d2,7RG3QU4CJ09,98,01HQP4D4SWZYEDVVFAFHRX78Q2,2023-10-23
f9ace297-d371-4698-a294-e7a46be8c353,7T02PD0YW31,5,01HQP4CZRB1J2S63E4GQXHWNB5,2023-10-15
32c50aa6-a514-4e82-abd3-b350a8793e76,7T90KG3ED20,78,01HQP4D61EHVZH83RPWJYKYEYP,2023-05-13
94ef21fc-55ea-409e-8c4b-8fd8f7b57152,7TJ3P43DA05,41,01HQP4D4H4B8JF2DE0QZMZRDNB,2024-01-09
43d556d0-352d-43f4-a12e-4b57acce665a,7TK9HX8JK43,10,01HQP4D5EGM3QH91JC47ACX0EG,2023-03-08
ec7f246a-90a1-472a-8d5f-c6746b99e6ff,7TR0XX9GT74,63,01HQP4D50WVDERBA3GYJ0X55E7,2023-11-01
afcbc0ae-f729-45b6-94d1-684f2641996b,7TR0XX9GT74,98,01HQP4D2TJ2QRVTJPQE30F821C,2023-03-25
0dbffc92-c5b3-4302-9cdd-9867306e087d,7TW0V34AQ54,19,01HQP4D4NBPDCJZCRPKNDE5713,2023-09-01
668a875e-b3c2-4424-b113-79e83c7ecdf5,7TW0V34AQ54,8,01HQP4CZREA0PTD94SXP649XNZ,2023-12-21
f0c3969f-1f3b-48d7-b973-c56c9c27380d,7TW0V34AQ54,99,01HQP4D6DMBGERD9ZBKEZM2YMQ,2023-03-03
4b350a22-4604-4e30-a674-ff8def9705a7,7TY5JN6EP00,71,01HQP4D6DVT5MVSPHY9QADHZVF,2023-05-05
e296edff-2332-4891-b45d-5551508692dc,7UN6HA4FE12,68,01HQP4D7A06T5V0CVJDKRT5KV8,2023-03-18
c6d42617-7722-413d-a4df-38167339ba3b,7UN6HA4FE12,53,01HQP4D6G4CZ2Z5B0R1WEPRX7T,2023-07-07
d78d1c55-40c0-4d7a-8686-16940181b935,7UN6HA4FE12,26,01HQP4D5ZPJY9HWZP10ETXPSNP,2023-09-20
0063c3f4-a9d2-44f4-a898-8a82cc7adb48,7UQ4VG3DU35,87,01HQP4D032H10XF8CZHY888BRW,2023-07-26
d6d1c0ab-ff58-4568-98ac-10bf5b3a2d97,7UQ4VG3DU35,21,01HQP4D6FJEMVGS7WS8YWE6C54,2023-08-15
9c933cf9-27f7-4cef-9e4e-3a75416eb88c,7V35PF7FA81,71,01HQP4D5ZEM1EBTBV8FN79YGVZ,2023-03-12
ebf7d2a2-c886-4c6a-89ab-fdba053d65ce,7V35PF7FA81,80,01HQP4D6EBMA6FEY5RZW3CKBD7,2023-03-21
ca142707-0769-428e-8a9a-17bba174cf71,7V63DN7DW04,38,01HQP4D2ZKHNYJ0SA5JR65MQ4W,2023-12-22
867e1b14-6910-436a-b0d4-e9af152b378b,7V67UG4AX61,83,01HQP4D60VAM55JBX1A6WCS3YX,2023-05-09
120148b7-3269-4434-8b27-e3cee5486f13,7V67UG4AX61,75,01HQP4D02H8S7PR99DHAYTSPYW,2023-05-06
68cb2be9-a9cb-4d3d-92a7-daf60e5e8818,7V67UG4AX61,80,01HQP4D486RZVY7XB4DDHB74BP,2023-06-21
302a9db4-8cb8-4df8-a2d5-624fe6fdb8ef,7VJ6XJ2YF36,94,01HQP4D34BADQXT17J1CPQ64S2,2024-02-10
4f440ea1-49e0-41b5-8aba-47a020de9ae6,7W32QJ2AM21,83,01HQP4D30N44VXAM2M7JJ1N63X,2023-05-27
000611f6-cb64-47e9-93bd-22e4f8f12e4e,7W49NY4MP85,39,01HQP4D6DKA7K2AQ25E7V0N220,2023-09-05
b48b2d6f-9360-4731-9278-69d65923c47d,7W49Q79AH15,79,01HQP4D4TAGSGNP9DD4CAEE6KP,2023-05-03
4a2c62b4-383f-4b18-af2e-f2f2e4a26827,7W90KM8PY34,23,01HQP4D6DJ6NRKNKX6J19P4NKX,2024-02-02
338e5dfd-8a5e-4b61-bc1c-577f44dffacf,7WA4RJ0NC67,14,01HQP4D1CBV4FC7XMQ86VSWBZ4,2023-10-10
dd659162-85b3-4925-9f4f-1e8f6a3a8df4,7WA4RJ0NC67,15,01HQP4D53Z2YVHDAZTFJD0438T,2023-07-30
bdb1b20d-4015-4099-8078-849ddfd293ba,7WJ3HU4KR30,86,01HQP4D2TEBVRBKV3W36JW8970,2024-01-05
aba44740-b885-4374-8e67-cdcdf2f8579c,7WM0DW1XK44,97,01HQP4D5Z9VMY5Q6VZFTFJFT7M,2023-10-17
e9424f3e-32a7-4874-8625-c95b95326f99,7WM0DW1XK44,50,01HQP4D6M5N0XP4R9NZZJAF5R5,2023-09-25
6edf8a6e-6736-4554-aaa8-37b271669f03,7WR0V16TK88,40,01HQP4D51HMDQXEC94VY7TK73Z,2023-09-03
f51c4c96-3163-4135-9d75-0460b0770b14,7WR0V16TK88,4,01HQP4D3ZZ8CGVZG8XKABW711C,2023-09-14
99ed5a4b-205e-40fd-a84b-089ef63c0c38,7WR1RP6MW33,41,01HQP4D4709BETY52JMDBQF3HP,2023-06-27
8799fbd3-624f-4206-9406-aac220b35774,7WR1RP6MW33,93,01HQP4D548R3EB3VWBSCJVEB6W,2024-02-09
20d71261-c7bf-4899-9716-c89f976d0216,7WY7AR5WT83,8,01HQP4D6EC6BF6ZMF6H63VC3ZT,2023-12-26
fbf7b0af-87ec-4b19-8168-39d977ebe0d9,7WY7AR5WT83,10,01HQP4D5AR9XB53Z74GNEHZ11V,2023-07-05
1f1849b2-8987-4c52-8913-2d121c2873d0,7WY7AR5WT83,24,01HQP4D5BAZEX5YGEKD0Q3XAC4,2023-07-16
e3b8f31a-fd1e-4f3b-9ca3-a1b064a2c2c3,7X00NK1EW03,63,01HQP4D4HKKPTE8PTFQETWW5A7,2024-02-24
e5bdf242-e8a1-444b-aa46-a1294f734ddf,7X00NK1EW03,27,01HQP4D5ZDW7KCW0EF4HS0NWRY,2023-08-12
ff041909-243a-4e6e-b0c4-33e046e7986e,7X14T42UN47,35,01HQP4D48SMDN1VP80NW5GX8E5,2023-10-08
194d8ebc-cee0-4a2a-b92b-f6643afe33b6,7XR1KY0NP64,19,01HQP4D18T7N67PPFR5VWNFYGE,2023-09-14
1ede96d3-48ad-479a-845f-d2ad68fa02e4,7XR1KY0NP64,7,01HQP4D4WSKM7HRK76MS8QETW0,2024-01-14
0b1d6d9c-bcff-4ba8-b46e-1cf9c0bc0ab9,7Y92KU2TP05,100,01HQP4D507SN9XDAC1TAP0MBG5,2024-02-10
c7b71d74-e507-41db-92f7-5b7ec6376c34,7YW0Q82XM49,78,01HQP4D502C9CJ3MA0Y1VV4DJ5,2024-01-30
d189bf2f-066a-4908-a7a7-a2627c71a475,7YW0Q82XM49,69,01HQP4D6K8C8QB3BF9EG5T834W,2023-06-20
244463b8-c29c-4184-95cd-c671dfaa865b,8A73R04AM17,20,01HQP4D5BXW9BBGA3JM7A6XFND,2023-07-14
3b6745da-2e55-4163-acb7-c75412f03fe9,8A85C75WK92,38,01HQP4D2TTE0D9HZSECY4VWVAF,2023-11-16
c07ae86b-7164-4581-8dcb-07aa569e3d0b,8A98K50UJ06,32,01HQP4D4HJ9YJHQPC2942TPW1S,2023-06-09
4a18f5df-3536-4059-bfab-0f7b567c873e,8AT0WD1CV64,12,01HQP4D5D66ESPVW9BKP9BQ0G4,2023-10-15
72d07f74-c53f-463b-a38b-c9d6099e0059,8AT0WD1CV64,61,01HQP4D2V5AXN6ZN8RF1FPZ2M6,2023-07-30
f7c3aa63-3240-4099-bdee-e7d6ab577c04,8C14J72CQ11,31,01HQP4D4NRDW1PXB9ECGZG0DVD,2023-07-12
844c7373-cafe-40eb-9045-be0a38a5f487,8C90K10FC31,58,01HQP4D5AWK3CB9BMTXRKK1TNN,2023-10-04
26a62c82-fed2-4355-b02a-79c86e22c1b2,8C90K10FC31,4,01HQP4D60KSRN65ZMVCMXG749Z,2023-09-16
c5f43655-1256-4d84-a4e3-3b74ee87ab57,8C90K10FC31,84,01HQP4D6P5WBMB22JXPW1FXS80,2023-08-06
706620df-dbf5-4c9c-9bd8-88d737764a42,8C90K10FC31,79,01HQP4D1CQZQAGYYJ5HPBD1K2A,2023-08-07
d4428375-d329-4f8b-b29a-c05f38695b05,8CG6JY0JY77,90,01HQP4D6F3GARG3KX245M4PPQV,2023-09-07
0634694e-ef27-45c9-abe6-ca44e1eec41f,8CJ0WK8RD77,81,01HQP4D5EMV1ZV5RX1FD8T5TEE,2024-02-16
e119b381-c8f8-470e-8766-46a2354ebaf6,8CK2DT5UD73,4,01HQP4D40177G35BVC4J35BECE,2023-03-27
6dd289a7-ec62-4a08-a8c8-ec24b0e938cf,8CK2DT5UD73,34,01HQP4D2VG10065GP60QK4M8YM,2023-08-25
f5068676-bffe-4dd7-aed4-499c1bdd4474,8CU1RU6NP44,52,01HQP4D6E2WM7YK62TZBWSHV0F,2024-01-29
b6b37071-8a84-40b0-aa96-0eb18413ab74,8CU1RU6NP44,80,01HQP4D30R2TTRGJ70XQFZ5B7N,2023-07-15
0f7fc924-07ac-4815-ba4b-84cf767687b3,8CW6P39VR79,69,01HQP4D6FZH084M1Y5DZ77XRB5,2023-09-26
7dc78473-5ac1-4b35-b780-f86acf9564c2,8CW6P39VR79,54,01HQP4D491T0HS57YH9X8320YF,2023-09-16
12411945-5d90-4f5e-9ea2-a3bac4e21f3c,8D39MP4NV93,83,01HQP4D48E18CBV2N8MQKWGGZG,2023-05-17
c856f620-c19a-48e9-8dc0-ed92e51d6d27,8D61EW8VJ60,30,01HQP4D32PBAYJ644BK6TN6FAZ,2023-07-06
d9f5ff7b-4956-4b49-bba0-13d659d60764,8DF2AN1QN30,15,01HQP4D2ZZ2A77EDMY24YSBCKJ,2023-07-31
28672f93-99e9-467a-94e7-11e3d2358f3b,8DH9VN0XG54,49,01HQP4D5D9HDBW12C0A9B0BXA4,2023-09-05
67b7e9df-f4cf-4e11-8b5d-ce1d6f6f3eb8,8DN2TX0MM40,67,01HQP4D6QPZC5DVTN72QAZ7PQK,2023-02-28
0d02b7f9-4603-44c7-805c-9e6d243be3ea,8DN2TX0MM40,64,01HQP4D5ZPJY9HWZP10ETXPSNP,2024-02-24
44365432-301b-46c6-b588-e788c2368bdd,8DV4JJ5MJ82,59,01HQP4D5A9M1ESQ82FTN6A75F5,2023-11-19
91ad298b-fb0c-4da0-bc2f-4bc36025583e,8E73MD6KU24,49,01HQP4D60HXFY94TP8KT575TGN,2023-04-18
8c155eae-54ef-44fd-9932-7375ee97445a,8E74CG9XX00,8,01HQP4D30P7TEFWA4XYKHPTT2P,2023-07-20
cf5535d4-7bef-4322-adaf-15e7f9dc1d2b,8E78QJ1EX29,84,01HQP4D6PPBEXTSZPKWH64AYTT,2023-05-16
a218c2cf-7b3f-4c01-beb6-b80fbcfc5703,8EJ5FV0EY16,75,01HQP4D4SMRR63VNR39K9RQBF7,2023-08-30
0008d32f-dd4b-4c6b-a76d-40ef28cfb2db,8F21FW6HR22,1,01HQP4D32ZY3JD845ANWS440D4,2024-01-08
f7ad5a7d-50d2-4058-9043-ea20f3839997,8FM9GV5VV73,98,01HQP4D518PB35989S90CVEAT4,2023-09-30
dce1ab2a-a8ab-4d4e-8b9b-a1defed4c867,8FX4N95KR37,1,01HQP4D60HXFY94TP8KT575TGN,2023-08-23
d2911951-1be8-4e3d-9115-536f9960f334,8FX4N95KR37,87,01HQP4D4H29Z6TYATCN9XQDTKJ,2024-01-19
9924e82b-d274-4ee7-b072-db67547b4693,8FY4T40XE77,19,01HQP4D6DX3GS6KSN8F28EDCN8,2023-09-17
9544c7e8-8236-49bd-a7b2-d10aabba9eb3,8G35TA9RY08,30,01HQP4D6FJEMVGS7WS8YWE6C54,2023-09-10
66d892f7-dbbb-4bf2-bb72-80e8ff87839e,8G35TA9RY08,33,01HQP4CZS6TAB42VFCJJSEYVA9,2024-01-01
72954ec5-d371-4ff1-ac7c-da52ad1eac79,8G87P25KF45,2,01HQP4D5BJ808N1ABGNG9SBZET,2023-07-31
5f617284-cb7d-48ad-90ae-3db511ae2d2f,8G87P25KF45,39,01HQP4D46VN2WPVRE7WMN4WZCR,2023-09-08
9e32ba80-b7db-4bae-9bd8-ddd7215af845,8G87P25KF45,98,01HQP4D51NB5A44BPCS6Q0JCKM,2023-11-18
39760aaf-b28c-46bf-9401-3dc099c80742,8G91U37YX34,9,01HQP4D4ND5DGQ95P9ZYWKAYPH,2023-03-26
d7f9c933-89ad-4c58-bcc1-75495eaa2266,8GH5D71VW91,97,01HQP4D6DZQK5ZYGZ9WQ8T01VH,2023-10-24
728dd61a-4f58-46b0-a634-9ae7d4ff1c37,8H24M84WA59,42,01HQP4CZRAKNBMPC2T19PWMTF2,2023-04-20
e0985bff-af4e-4b0e-b5f2-c59a27b918c8,8H99HV5HU19,93,01HQP4D4S35370YXJ2RDS976XH,2023-04-27
c73b3a86-5166-4c04-8d70-0541b7a7c512,8H99HV5HU19,89,01HQP4D2ZPP4XM2P0CKQDVC4KA,2024-02-18
044d5dba-3967-4dd5-8f7f-0fb67f5518a2,8H99HV5HU19,56,01HQP4D4WMR9H5BCVJ0GJ3H1DG,2023-03-10
9cd745f3-dcec-426a-95cb-35aa110924ca,8HM8FQ3CU45,65,01HQP4D619H60543XR7YKDVDC6,2023-03-23
a2591851-ada2-483a-8320-3fec1911ab98,8J42UQ1UW92,17,01HQP4D50ZS51JAB78PEFPZ3Q2,2024-01-11
29262fb4-f2dc-45f9-8add-845cb344838d,8J42UQ1UW92,63,01HQP4D40EBTTZYRQRRWC4SFFB,2023-07-09
98893322-6c2c-4043-80b9-0fab4f648dca,8J42UQ1UW92,18,01HQP4D4HKKPTE8PTFQETWW5A7,2023-12-20
2167b907-1e67-4c9a-94b8-fd274a83ff12,8J42UQ1UW92,43,01HQP4D5E6NQBPV3CJQR8T515T,2023-12-22
59b03933-3925-496a-bd53-abc539d345d1,8J59JK0QT54,66,01HQP4D6GG30SGNVY3MQV665YE,2024-02-14
01ae2a94-759d-42a5-ad8a-d44a7b52fbd7,8J59JK0QT54,66,01HQP4D1C43JTPQ0GFBB6V6PBV,2023-08-12
fdd2469b-349d-4b8f-b41d-d9f09539af89,8J59JK0QT54,39,01HQP4D79B7B2HP53PHTNFKWBM,2023-06-18
a320c3ac-2f29-457a-9e22-96baf26d1b94,8J67X90NG96,29,01HQP4D50P1KKK7JRN3YHKE0P2,2023-03-01
12939a20-358c-44ec-becb-ad7f910fb863,8J89FN7UP81,29,01HQP4D6PYA2F0A1EZRM9CTFN8,2023-04-22
4ef465eb-f76d-4ebd-8815-1d5fd595a5c0,8J89FN7UP81,78,01HQP4D1CKPXNKVGJ9H70NEBJW,2023-06-30
29ec4f18-037c-452a-9ab7-80f0cf723753,8JW2NA1MQ31,12,01HQP4D4HCPW2APFEVXXHHFTC2,2023-11-02
f9fa40d5-1b6d-469b-ada1-16c3ee3fca14,8JW2NA1MQ31,35,01HQP4D6DTKDJ1NEYR1N6EQE3T,2024-01-30
3f7335cb-40cd-4c1f-87bd-6b2f13e39920,8K16YR8YR84,33,01HQP4D78TZCX81X42WB78345R,2023-11-08
6c584f4f-f44b-47cf-9cfe-75fae5758403,8K30VM2YG53,80,01HQP4D182QFCNRTQZX009S0SG,2023-09-09
a03f6cc8-2cfe-4250-882e-93209ec44e56,8KA0AH7TX82,74,01HQP4D18JDFTBNDDRC0H6ZT1P,2023-04-04
19179efe-26fd-497a-9d67-6524c302fb8c,8KC0MY4AH53,58,01HQP4D6B525FN6QPS8S1TE0VB,2024-02-24
5ac60e55-9bf9-49bf-af7d-02e9b3b912f4,8KC0MY4AH53,41,01HQP4D4GMP6J94W67Q9RZV1BR,2023-11-21
7b93be0b-618b-47da-9085-e95e5ed066ec,8KM5P47NP49,13,01HQP4D6MQJYMEWE8YT3TRZVBX,2023-11-18
ba5badea-2a34-482a-841a-16e68ad1b3da,8KY3UW1QH24,49,01HQP4D5ZVK24J6T88T90XXCAM,2023-08-31
cd04b588-2347-40fd-a3f8-68c96b22b075,8M06AA7FW06,79,01HQP4D4GHK69Z0HE3EWQTCDBM,2023-04-10
3e11cc05-0e8e-470b-84e0-518d1c696ce3,8M18DR7WK77,25,01HQP4D4HE4WJ4D9ZW00KJPGF3,2023-10-05
89efd9db-ab69-461e-8e57-5769e7fec0fc,8M18DR7WK77,94,01HQP4D50WVDERBA3GYJ0X55E7,2023-08-15
a63c6b02-955b-4f7b-9978-d9b93ba82cb5,8M50VW1UR07,7,01HQP4D4GDW8HCH45JCQAENH3F,2023-10-19
6b1ddbc3-2067-4ee1-ae33-4841815504c5,8M97MF8VK84,39,01HQP4D6KPQV8N13B9NX37PZ7V,2023-04-15
7c41caa5-18b3-470d-8f70-badf62e812c0,8MF3HR6NM68,8,01HQP4D54X29J00GVKTFMTQWK9,2023-10-31
7936fcbf-e133-4175-aa86-18e4acb76acc,8MF3HR6NM68,27,01HQP4D4WJA58B23DAWVK53JC8,2023-06-25
623f0f94-b3b4-4dbf-bfde-41a66994bdca,8MF3HR6NM68,87,01HQP4D6GJ4TC98G6ZQYSDF3S2,2023-11-30
535b058a-8dda-4d2f-a2eb-562898920871,8N48K13NH81,71,01HQP4CZQNTPTTCBVMCTRTYZ6N,2023-11-09
23b87ff6-00d9-4af9-a6c3-c87e93eb7663,8N99CC0TJ53,8,01HQP4D6EBMA6FEY5RZW3CKBD7,2023-04-12
ecf3b076-8ffe-45fe-afb0-466025eb6655,8N99CC0TJ53,31,01HQP4CZT34M8A42CQY33KHS23,2023-03-14
65aeb37b-bf13-4cbb-911e-0d6063dcf85c,8NE5X18FU50,84,01HQP4D6M5N0XP4R9NZZJAF5R5,2023-10-08
1ca3c6ab-553d-47c9-bd1a-a4983f54f207,8NE7U26UQ11,66,01HQP4D4WRK64KA7SHGZZRW84C,2024-02-25
6ced9d3d-60c4-4877-ad99-560f1ed270d4,8NK1AD8FJ35,17,01HQP4D32XSK20JHS7K5N7KGHP,2023-07-15
f37cdde8-db66-4d9a-a2f0-f396cce49252,8PX4QP8MV74,1,01HQP4D4N1Q2PAPXNDJ6VXBTAJ,2023-04-03
69a80957-75ae-4ac2-a124-364bed3ea536,8PX4QP8MV74,27,01HQP4D6PK41GC568FNYH0HD7H,2023-06-05
1e223db5-b8ae-4e9c-890b-f566463ae4c7,8Q22KX7UU10,8,01HQP4CZRR1RVKB0AF251YYYXQ,2023-11-06
8427bf66-0e0a-47ba-bbf5-8932658de6f0,8QF7N66QQ32,57,01HQP4D40177G35BVC4J35BECE,2023-12-26
c5e4c519-050d-4054-8d7c-f0cf113c8003,8QF7N66QQ32,92,01HQP4D179TW3F633CHP57YX53,2024-01-14
5a9c6301-9d60-4da5-90d1-daa360010fdb,8QJ4VQ1QG24,37,01HQP4D5EF52WAF59QRT5WZ46J,2023-07-30
251d7b7d-7fd6-415d-8c40-96e6575dac98,8QP9P86UH73,16,01HQP4D5ZJ2F09AKTY30E62J8J,2023-04-29
a6755acd-d779-41ed-a7b3-9d8d39ad31a1,8RE1K18JD08,81,01HQP4D60355Z5Q4NKRN3CXCAF,2023-06-19
2fbe07f7-8034-4bf2-ab70-a1d9f1d9b75e,8RE1K18JD08,82,01HQP4D35AGTABNVNP2M12GX45,2023-05-02
e5f855e2-7cff-4833-a61e-d5dc23cf4752,8RE1K18JD08,76,01HQP4D48XWWENVPASC5GP7WK3,2023-12-24
55c421c0-a275-4365-b9eb-a2aed5fff181,8RF8EF8RD05,30,01HQP4D4W9KK9P1EG5PC1M9FX5,2023-03-24
44680a38-34ce-4040-abb1-3f4d65b5ad44,8RH8Y85WE70,27,01HQP4D2VJ6T87S46JE8N03AGF,2023-07-15
63d27cc3-81a3-414d-9ab4-14f2c82e2bee,8RJ5MX7PA30,19,01HQP4D6EC6BF6ZMF6H63VC3ZT,2023-10-08
78757b27-fbc4-4b6c-b55a-ab9afa977e4b,8RJ5MX7PA30,55,01HQP4D5127YHQ9RMVXCZ1X5T6,2023-06-12
dd36d295-60cb-4556-8b0d-e04c2fa73c06,8T40TJ8WA84,67,01HQP4CZSP222FPEQ23GTSQ51T,2023-04-26
3c40b211-63b7-49f4-95ca-a8c23d442eaa,8T40TJ8WA84,58,01HQP4D40C72XTQ4XT96EKJAVB,2023-07-12
97208cc1-59d8-4e3c-99c4-9c0db2be2482,8T40TJ8WA84,12,01HQP4D4WF2HE0BAMZ3KWS24JC,2023-12-26
f4e5c57e-cc54-4a3f-aea1-ada78700df0b,8T60Q83YJ71,1,01HQP4D4RS8548KC13M6ET1SXK,2023-08-04
a23b8ad7-b72d-4115-9d23-ffee1e6ee078,8T60Q83YJ71,92,01HQP4D4HCEQFN4W70EA8BASSP,2023-06-21
5f7411b3-e5b1-4efd-b614-ca33a923d9f2,8T60Q83YJ71,22,01HQP4D6M0Y1P41C7KABS57VHD,2024-01-04
6d177e2d-51a2-484d-a382-4426b1941397,8T60Q83YJ71,48,01HQP4D61H66XGQ7MTNRVCRZZ3,2023-08-28
5c302fe4-b883-48c4-919e-c3dc547de28e,8T80HX9QV46,52,01HQP4D34PYQCNK67K7G8KNWJC,2023-07-19
d2c7f3a1-222d-4589-8d0f-c6913ff7294f,8T80HX9QV46,45,01HQP4D34PYQCNK67K7G8KNWJC,2023-12-06
850400e5-9a9f-4a6e-b164-f16a8c0780ae,8T91R76RF07,4,01HQP4D4SWZYEDVVFAFHRX78Q2,2023-08-23
13749707-f618-48e9-8628-d36f41d5a9c5,8T91R76RF07,13,01HQP4D6B8SJMQ2NYKKRKHCQ0W,2023-04-20
080d77d1-412d-43d8-8353-ba1aabc4611b,8T91R76RF07,15,01HQP4D4HSE6W9PCKT6PBRMCC7,2023-10-12
03718afe-c1bb-4b2b-a4cc-837087a6bf6d,8TH8GX4QA76,66,01HQP4D5BSWFHK45MM2PYVQXVE,2024-01-05
f1c4dc75-849e-4d6e-aeaf-e16bac0c1d7e,8TK5J17YT10,12,01HQP4D4G902N56DT9NPCZZQF6,2023-12-22
299a62e9-2d75-4ae6-ba11-156f615df51a,8TK5J17YT10,19,01HQP4D1C2TQDWW3YS72DMEYCT,2023-07-29
833a2643-909d-4e8c-8144-b687b1eebde3,8TN4MR0MG12,59,01HQP4D50TZ4SESWG97AP1WVD9,2023-12-19
1be56f0a-5b31-48b8-bb65-6fc72f126adc,8TQ7P39MT97,37,01HQP4D5EPE21KE25A4K48YZWM,2023-05-09
9b990dda-d23d-43bb-8963-44bd5eedcfec,8TQ7P39MT97,19,01HQP4D2TJ2QRVTJPQE30F821C,2023-12-20
3a38e5da-164f-44d8-bbc0-c5b52734fe77,8TX8T46QF24,10,01HQP4CZRD490AR0SGWFW21BRY,2023-05-23
b92e1be2-2bcb-4337-94dc-543a3e093836,8TX8T46QF24,24,01HQP4D1CBV4FC7XMQ86VSWBZ4,2023-05-12
29de00f7-f6a6-4af0-a26d-81f971dd8a34,8U77VK4DD30,71,01HQP4D5AHK914V400RDT9ZRY9,2023-10-26
1202ece5-636d-4cf5-868b-07495ff5b516,8UD1QJ9NF11,19,01HQP4D4H47KFJRB4SK6G6BRQA,2023-11-06
212ddc32-7e0e-45d8-b555-f3f42557d8b5,8UQ3TQ0QF98,92,01HQP4D5ETXZ7GSVJCQDY5TDXY,2023-08-21
70ee86f5-68b0-475d-9ec8-0fed0abab7be,8UX4R50XW13,24,01HQP4D61CHW4S3RTHPM9CC8ZB,2024-02-15
6fb153fa-3818-4980-a47c-e4f293a86cef,8V40U12UK39,17,01HQP4D3ZP519AKKARPX46DK6T,2024-01-13
9e83f88f-38a4-4ec4-8879-3c734f99df18,8VX3U15WG21,14,01HQP4D18F1CQRFM7HPXV0C0H1,2023-06-14
30be5f03-b084-4d66-81e1-d971b007205d,8VY8GV0JY38,70,01HQP4D6DW43Q5Q8HT5DJBKDMA,2024-01-29
55a883f6-05af-4b38-8aff-817e263f65e8,8VY8GV0JY38,54,01HQP4D5B0KZ4GTJ7RGFNW7NB4,2023-07-06
c28db19a-1f6a-46d4-bb3a-34209ee5644a,8W55ME1UD49,27,01HQP4D35HCVSN92X24BANH67W,2023-07-04
08fe55f3-59ae-4422-9521-e6ca21545883,8WC2D42XG58,94,01HQP4D5A7MZT0K5EXYEVB693M,2023-11-25
69124581-6c62-44e0-ac45-cf2306178fcc,8WD2KN6XG72,93,01HQP4D6P4NPDXRNPWZJWSP8K4,2023-04-23
6247d169-8b77-47c1-802c-5460e8f2ad39,8WK6E16EY82,52,01HQP4D4H4B8JF2DE0QZMZRDNB,2023-08-31
abbe9bd5-9ca3-4d76-98a8-fc4e968a1929,8WQ7XA8QC90,38,01HQP4D5BMQ9W0CJG7H3HPWZ1T,2024-02-10
1d025796-7ca8-4b90-8437-dbe483a1eb5e,8WX9T98EC83,62,01HQP4D5Z87XTX6QWG916S27C2,2024-01-12
8afa55b9-274f-4436-a636-2b1c4d4635a0,8WX9T98EC83,64,01HQP4D50AY6YE362S7XP8GH76,2023-10-28
fa9eb63a-a9dd-4c15-add7-924956e00f64,8X11H77QX13,26,01HQP4D4VZM5840N01SRATT8Q1,2023-08-30
92edb890-5e0a-45d9-9637-560d416b205c,8X60WP8TU24,64,01HQP4D60A3ANV6QWFRZ5NZ8AZ,2023-12-27
3cfc67cb-62f4-4139-9591-e9b6e2d1d13b,8XE6XV0DA95,78,01HQP4D4HA14MMTXBXZ9N8J16N,2023-05-20
ef37ea43-6670-4572-a38a-f57b7165bb05,8XM4FG5YW83,50,01HQP4D5ZXGAKZX2BPXF0YV8VE,2023-08-19
ccc2df6f-519a-49fe-9400-af00c50adba0,8XY2MD0ND57,10,01HQP4D50Y527WKGT8R844JFNE,2024-01-13
9f55413f-e014-47b0-8512-02527ef3d295,8XY2MD0ND57,31,01HQP4D515JMZBTJH7JSSCDMP9,2023-04-18
bc702672-9957-468c-8ab7-b811fac6c38e,8Y18HN2FX67,72,01HQP4D5AAKXT764F6G1F7NKSW,2024-02-22
0c4bef1e-11f0-44cb-93bb-6d236438dc9c,8Y18HN2FX67,80,01HQP4D4WV9F9WEP9ZWPVMTHN6,2023-06-15
6317a3a6-ef7b-495b-97b7-30cee11e68a7,8YD1C57FP74,58,01HQP4D601CHWPYBVWCTR21B79,2023-12-30
2a61a2e8-756a-4354-907b-b6d5d173a7df,8YK2FC0CD91,25,01HQP4D6DHXYP83DFSWG71MEMV,2023-09-03
94df45ad-1d2a-4ce5-ab72-63f34e77b689,8YK2FC0CD91,51,01HQP4D6Q7JA9HNFVEFFVH8S3R,2023-03-12
e0c9b8e0-ad6f-413e-b880-a53456b3f8ba,8YV4J76FD27,51,01HQP4D6FMJNXQY9RDQ422XQ92,2023-04-01
aed05b1e-1c1a-491f-879b-98d26d364e97,8YV4J76FD27,17,01HQP4D5BV1M902CXNZ1HZHSP8,2023-07-26
485589fc-2a72-45f9-91d1-c58be1f1e90b,8YX3V11WQ29,29,01HQP4D4HNF6FJDW2G2GFX10WE,2023-08-20
3af17145-2fd0-4b7a-a333-12d0957d9f76,8YX4VY7CV78,8,01HQP4D2ZMTNCJX4YAD3ZV2GS4,2023-07-03
8e0b4bd1-4993-411a-ad7f-7090645bfe54,9A66H64FA64,43,01HQP4D34WPH9P66T5152CCDXT,2023-06-15
7d5077be-0db8-4181-86e0-ce37ef02e65a,9A66H64FA64,92,01HQP4D6E3Z7YRKKD1N618HRJ5,2023-04-08
ca005e65-dae7-41be-b5de-fae29ff0cf0d,9AG5RJ4GY33,50,01HQP4D48XWWENVPASC5GP7WK3,2023-03-21
ed9f3886-2996-4e29-a178-16e19cd00bf3,9AG5RJ4GY33,70,01HQP4D47XDWSFAHPX6DSFPJXX,2023-07-21
171ecc71-5e3a-48ac-b346-c32a1f30d7ba,9AQ7AM9TQ26,79,01HQP4D46VN2WPVRE7WMN4WZCR,2023-02-27
6bb065c1-5c08-4fff-b22b-ef103afa7bfe,9AW0X47AK59,41,01HQP4D326R6SZ8B3W5MJANCH8,2023-09-16
c025f12a-38a9-4df9-9311-bcf303d131d0,9AX1CG4HY38,42,01HQP4D32Q1QGMJHQBRNAS3382,2024-02-19
745fb573-a775-45e5-ac03-ace44b906e18,9AX1CG4HY38,100,01HQP4D5B1EHGQWQ2JWJF5GG2C,2023-09-01
1ae44764-f6e6-4755-b094-531442b5c7a9,9C14F39JK70,8,01HQP4D5ENDRBD0TKWR4BEVMRV,2023-07-16
b9c895ae-6c2a-4553-9e1a-92dec3aff3f7,9C23G16VN81,90,01HQP4D5ZAC2SGW8EHKKN08F31,2024-01-29
8ee0c254-2fb9-4977-8b88-52ef4ffa576f,9C23G16VN81,4,01HQP4CZRK05AAAV1MHDDF2VNK,2024-01-15
df26227c-86f6-4706-8362-20db442fb8a5,9C23G16VN81,32,01HQP4CZQWW89SX964NKJ28E8F,2023-11-01
01e5df37-fc0f-4090-9763-8d11666c3bfe,9C71A69AA07,46,01HQP4D3YV46Z93PZWBVQZNVYD,2023-07-28
59e157f4-6b85-4cc2-80f1-144f191910da,9CJ1Y13XC43,17,01HQP4D47FWAPR1R0KA103FGE6,2023-11-15
d1b8acf5-ecff-4acf-8a06-6b782e309dda,9DE8F03CM88,10,01HQP4D2TGNHS6GGJ9SWN2YKAN,2023-12-15
33de08ab-542d-4a11-b2ed-f321fe3da7fe,9DE8F03CM88,69,01HQP4D54VYC92C0STGV3G0QTP,2024-02-22
886990df-fbc6-4994-80f7-ad57b061248d,9DE8F03CM88,69,01HQP4D18MFC65DXV17HW8PAES,2023-04-26
e34cc296-0ce3-4029-8952-a85c53194e62,9DE8F03CM88,50,01HQP4D4WSKM7HRK76MS8QETW0,2023-07-21
4dd208be-b059-4356-a17e-92ce8a1bc1d4,9E05YV9HP95,25,01HQP4CZRVG3332J9V0HN1FCGA,2023-04-13
bfa8914a-77ff-42e2-80ba-f63827ea85cc,9E05YV9HP95,57,01HQP4D351VTSNMHXMR0Y9X45X,2023-09-25
fb203a6d-97ff-4a13-a067-127af1163186,9E14JD7JE47,28,01HQP4D17MK1HDBKAD2C5F0M9H,2023-12-29
b73f81df-e534-47c0-ada0-e15525818bb7,9E26TM8WE61,21,01HQP4D2TEBVRBKV3W36JW8970,2023-05-26
c3dde098-0445-4ae5-9724-b3e758673f4a,9E41W74VR45,48,01HQP4D4709BETY52JMDBQF3HP,2024-02-25
c61358b2-f706-4b5c-ab46-f1b8d443fec3,9E41W74VR45,48,01HQP4D4SMRR63VNR39K9RQBF7,2023-12-30
5a7e6098-3db4-4d27-9359-7422db598b26,9EG6H32AK72,77,01HQP4CZTM8W68DCXCKRCGTJVD,2023-10-27
19f6b889-d1b4-4c0a-8b25-ea82c0c6d274,9ER6Q43MT36,67,01HQP4D3574CSG2RBDJSC253DT,2024-02-23
5658ddd9-6fb2-4466-b730-df3f493616c8,9EU9K95PG07,25,01HQP4D4MAJVHSJCFAABCZ2SAJ,2023-08-25
a5224415-cbbd-45c9-b547-30575e9968ef,9EU9K95PG07,27,01HQP4D50MZYVQ6ME00EM3E6VE,2023-08-26
5830a991-fb90-4261-b990-ecad888c3038,9EW2W90DW49,4,01HQP4D4WRK64KA7SHGZZRW84C,2023-05-06
15e7d5cc-049c-436f-b40b-1e69c7b60b65,9EW8G06MH98,7,01HQP4D02W8E1VCER9PZK5EYDF,2023-10-18
5041986e-9007-40e3-9555-6a3bee54a0f5,9FF4T49MR05,89,01HQP4D32B5QBCF6DWS74SQ93K,2023-07-02
b83fd048-80da-426e-89c7-cc5d77735b5d,9FV9C21YU46,69,01HQP4D4ME57GNXNN4QM0RG1FC,2023-10-04
bac04b5c-d27e-435a-b94c-c227a920061d,9FV9C21YU46,90,01HQP4D2TW6K75NCE477A9N86G,2023-10-14
7f47979c-ba36-42fa-ad4e-201e46e61183,9GH4AV7XV99,10,01HQP4D5ZPJY9HWZP10ETXPSNP,2023-05-23
d4204728-e876-4fa7-b6c4-5a98f78c6bcb,9GH4AV7XV99,99,01HQP4D17Q3E3YK5DFP2H2Q5XN,2024-01-23
dac5cd3c-4b6b-492e-b7d0-75deb8e03779,9GN6Y77YD25,12,01HQP4D1C72DXR6YYEW50ENRR2,2023-10-13
14393f03-5008-4c2b-9e36-475c488c4a69,9J80C95GC78,72,01HQP4D346QJPYJ2VW08DB5JTT,2023-03-24
d4ae5b25-b08c-4750-a436-10e62e5775f6,9J80C95GC78,82,01HQP4D188CNH0DZ35AFECANQW,2023-06-23
6e1c4d37-ffe0-4543-9b03-7cc21a9be116,9J80C95GC78,7,01HQP4D40FG2ZAAW8E4DE8DF95,2023-12-15
3afe78c6-c05a-442d-a130-90aa249f2480,9JF1GA2NT90,70,01HQP4D1C01PTR7191HA9P5S6B,2023-07-21
498e7172-0690-415d-90a9-0e25935f05f1,9JN8TA8RT22,68,01HQP4D6DZ0B9FDGM7ZCSBM8V8,2024-01-13
a30a0c91-23b7-480f-90bc-7a9ac9666715,9JN8TA8RT22,5,01HQP4D6QDTH1N8S7NHYD1G2S7,2023-04-14
a82bd2ed-681e-474e-b7f8-32c30e5d2058,9K01WN2TX11,43,01HQP4D1D0ZMHFYANSSHBGTM38,2023-04-29
b45ba3c5-f2de-422c-afdf-b37a2e441e5c,9KE0C80EQ28,31,01HQP4D59G42V758BMGVQJDBTE,2023-04-28
9614ad01-8d42-49ce-9082-37bbefa73e1d,9KE0C80EQ28,36,01HQP4D5DCQGAXP791B4S2MDGG,2023-08-30
b823f3fb-0bc9-448e-acb6-9ebc1f2949bc,9KJ7PC5KR59,48,01HQP4D6FCKXJHEP749D1GRP2M,2023-07-15
a14b4f03-283e-47bf-9bc8-7be3c91971fd,9KJ7PC5KR59,39,01HQP4D17DP3F9HX862J8798J2,2023-10-26
e49b89a4-00ab-4c8a-b09c-ff78625717eb,9KX3R82XH17,98,01HQP4D4SZBQ3NC59TMMKYHWJD,2023-10-28
30b9247d-ad22-4952-8df3-4b2da5678bef,9M18TN6WH22,51,01HQP4D79DCYY3RMMTTE26S1QR,2023-06-20
d5f10200-9658-4cc1-96aa-da7e4691598d,9MA6RN1XU16,36,01HQP4D79PWPXRJNFASHJCWKQZ,2023-07-25
86dff88b-664a-4506-813a-0432db070002,9MV7Y04QY27,14,01HQP4D18F1CQRFM7HPXV0C0H1,2023-03-31
a6b4c2bb-afdd-47fb-b6de-094a1e746a2b,9N04AM5DF62,94,01HQP4D4TAGSGNP9DD4CAEE6KP,2024-02-23
aea7ed72-0ac1-4eb7-9f53-2a3b3004e403,9N04AM5DF62,84,01HQP4D6M6DJY0N0FK8DN55SY2,2023-09-20
08422656-2679-4e75-acd3-8d01343e9699,9N04AM5DF62,80,01HQP4D2ZMTNCJX4YAD3ZV2GS4,2023-04-13
288ed371-8f1e-4fc6-a2e3-2991b9cac107,9N80T26EC18,22,01HQP4D3YRRSGHMMABAHXGDBJ0,2024-01-18
c30165c5-6158-475d-88a1-698a5df49365,9NP3VW1HH90,95,01HQP4D5106VVKP4HG2DGX9FWF,2023-06-08
e4b090a0-79fe-4889-b20a-ac9e033d7222,9NP3VW1HH90,64,01HQP4D79DCYY3RMMTTE26S1QR,2023-05-04
8241e703-ea3f-40ee-af75-5b497984d358,9NP3VW1HH90,2,01HQP4D32A08R5K05PDE1BJD91,2023-11-02
123109de-7007-48b0-ad71-714d10f328f5,9NT8MY7YJ09,85,01HQP4D4VY8TA81C6MCW4QW07Q,2023-05-07
55b78c96-8e9c-4ddf-9593-00ae8ef753e2,9NT8MY7YJ09,98,01HQP4D4ME57GNXNN4QM0RG1FC,2023-08-12
26ab107a-d5e2-417c-91ff-0f1f0f2f64af,9NY9U19DU27,66,01HQP4D4WMR9H5BCVJ0GJ3H1DG,2023-11-16
0b3b806e-755e-407f-9904-819fd1139ea1,9NY9U19DU27,76,01HQP4D5164VK4QPEJ046NWTFB,2024-02-24
22560953-2c68-4934-89a3-db81fd2fbb1d,9P79Y02NY30,55,01HQP4D5B9WZXV40J2MHB1BAJK,2024-02-09
6b8ea4a1-51c4-4cd3-9151-a42b387d1163,9P79Y02NY30,41,01HQP4D5BFZMKTQPT8KXTSEPKM,2023-03-15
1daff4fd-f984-4f29-8ba8-a3fd52917aad,9P79Y02NY30,70,01HQP4D6E4P2ZHQWQDWF0V6X7S,2023-11-25
020b84c1-e10d-4d36-8a5f-07901e40a66a,9PH6HJ5YF42,52,01HQP4D496M29G2D9YQ3TF6EYX,2023-05-15
d6eee2ff-d4c5-47fa-b3ca-379ed394a954,9PH6HJ5YF42,49,01HQP4D4W0Q1WP9Y4KCNNTFKBP,2023-06-08
aa2eb9f3-308b-40ee-bf4c-beda60667419,9PH6HJ5YF42,58,01HQP4D2TY1JZT2RDSN0GC7XMM,2023-06-13
b7f3227f-29af-491f-9dcd-d1bc54b4d253,9PJ4JD6DY85,74,01HQP4D5ERAV5XNSWZZ4N5KD3P,2023-05-06
1ba3f77b-4700-4c55-992f-f0c6551f755a,9Q38HC4YY51,36,01HQP4CZT68YPNV9P8ZWCJHPST,2024-01-05
525e8731-42cd-4ea5-ba7e-565bc4c67a28,9QM1Y50DE26,1,01HQP4D03TMA15PW0K2VGV3D10,2023-07-11
9da3977b-4d19-4f4c-aabd-25ef59a82a62,9QT3A43CX65,86,01HQP4D02KD8FQ2RK3DZVVYTV6,2023-07-30
b06c90c2-9d63-43a0-b626-5182cbc8fd46,9QT3A43CX65,10,01HQP4D60762591X0BZ0V1KNRF,2023-02-27
402ecbfb-22df-4da4-98f7-1239c5b7a7ae,9T24WQ4AW08,12,01HQP4D6M5N0XP4R9NZZJAF5R5,2023-04-21
702e53ac-54c8-49b4-9a5b-f5d9543eb34f,9T24WQ4AW08,73,01HQP4D2TY1JZT2RDSN0GC7XMM,2023-11-07
36e52789-c0fd-4be1-b08e-19d5e1bc88bb,9TD4D92YD87,81,01HQP4D5C8HK57CP3AK3C3DZXP,2024-01-17
39b10e8a-95a0-4a90-84b6-7f724b6f3f6f,9TT6V86CX90,74,01HQP4D5ZM5KR6FHQ0KZSFD6S0,2023-11-07
d8f4f8af-11f1-4654-b3b0-b45e773d6b2a,9UG7N87PP35,2,01HQP4D518PB35989S90CVEAT4,2023-08-20
99a1c3c1-9d14-48db-a624-b52ee0855c04,9UG7N87PP35,62,01HQP4D6KM454M1ASC2ZHYHG2X,2024-02-18
a9cad87d-3780-45dc-9482-a00e21c51b76,9V04GW8VU41,40,01HQP4D2VR91YDK4EYJRYD81YN,2023-09-19
540b17b0-246a-470e-a502-5c37fd36c669,9V04GW8VU41,99,01HQP4D6DW43Q5Q8HT5DJBKDMA,2023-09-16
d7f7f592-8a26-4f7d-97c2-f4e42838a032,9V31PP3AF18,39,01HQP4D50ZS51JAB78PEFPZ3Q2,2023-04-26
4bee3f6d-0268-48ea-a805-437a71b1a61e,9V31PP3AF18,50,01HQP4D4HKKPTE8PTFQETWW5A7,2023-06-10
9e4c0809-084c-494f-86a0-960baf6f10ee,9W52M81YM44,66,01HQP4D50DVCBZTDDK6VKETCDG,2024-02-20
0dde4c19-fb4f-4f4f-b3c3-42c5151d6180,9W52M81YM44,20,01HQP4D6F6ZPPAN4N3V2ZQ8F57,2023-12-01
8dae67f2-0668-469b-89ed-6285ec75d1dd,9W78TC5EQ21,77,01HQP4D40EBTTZYRQRRWC4SFFB,2024-02-26
0e2be5eb-a420-49e4-9fb3-13584e822918,9W78TC5EQ21,76,01HQP4D78TZCX81X42WB78345R,2023-05-26
d946eafb-287d-4ffd-9c29-f7891360fd3b,9WD2E23GK34,80,01HQP4D6ANE76K3BVEV82BGQRZ,2023-11-04
5c0fcabd-a51c-4bd7-9e57-27f4c4a1ea30,9WD3W08JN83,41,01HQP4D2ZS3Y5J8RGGP9H2DAEJ,2023-06-16
8102cb07-9c21-4e4f-bdb6-e92d6207e2da,9WW1VF3FE02,43,01HQP4D1CFT83HT52FJ09GQZGG,2023-07-06
d60425cc-296d-47a5-869c-59041533f5a7,9X13MA6AP12,76,01HQP4CZR3WRKYRDP3Z3XWSG42,2023-04-09
66f4d310-ed4b-4c86-9f33-88c4adc0e4eb,9X13MA6AP12,71,01HQP4D30K28DCFP54ZEY4AV8R,2023-09-30
55d9d77c-3032-4f67-a5c8-74307e84164e,9X51WH6DA98,90,01HQP4D50SWKJKGEFDN2R2DFCK,2023-05-07
1096d4c9-d69f-4e94-a48a-2857f35a3517,9X51WH6DA98,25,01HQP4D4TC2MQRAM3JA8TB4XFH,2023-04-15
0cb125b7-839c-4a34-ba8b-84043cf200ce,9X84U33GJ83,2,01HQP4D5AHJHKG757VFA61P6QY,2024-01-16
1c8ddc25-c59f-4821-bcbf-616616f44c65,9XG8PA0MD85,7,01HQP4D6DGY6XKYS1AHV3CJG7E,2023-05-25
38219195-5981-4641-9b3d-999c9768fb10,9XT5R51AV31,29,01HQP4CZRVG3332J9V0HN1FCGA,2023-10-03
033d73e8-5008-49ae-b9f9-1e27542d681d,9Y46P59HU11,38,01HQP4D50SWKJKGEFDN2R2DFCK,2023-06-28
ec94cf05-ec8b-41d5-9f87-f5f91d2fa414,9YC6WQ9QR18,48,01HQP4D6DCHPDRG10DJF3PPYC3,2023-09-17
37545e88-5caa-41b2-9430-f47ada480d14,9YC6WQ9QR18,81,01HQP4D5ES3AEG8KR400JFR5CJ,2023-10-01
fae15e89-6b6a-4977-a8b6-b2db0ee78bcf,9YC9YR2JD59,54,01HQP4CZS5X7K62TYSWB4ZHAHQ,2023-08-11
1d64fed6-1bb7-4555-b532-2bf8d8157222,9YQ9VH3WG32,77,01HQP4D6BR3WWY3VZBC2GH160N,2023-06-16
8837eb69-67f3-4460-8296-eccf7b5d9a88,9YR6EG7NC11,14,01HQP4D499PPYZ1PTYMKQDZ940,2023-04-23
699b02a5-f289-46c5-bfb1-71f9df910686,9YR6EG7NC11,8,01HQP4D47XDWSFAHPX6DSFPJXX,2023-09-14
f1c4c756-8bf3-4fdd-b16d-0b07eac7d171,9YR6EG7NC11,75,01HQP4D2VR91YDK4EYJRYD81YN,2023-11-16
ae5c50fa-3c4c-44ba-ac96-ad6d34c4d3e7,9YT2TY0MJ74,56,01HQP4D40EBTTZYRQRRWC4SFFB,2023-07-07
037b0c7e-2ef2-430f-adf7-45da6ca0293f,9YW3WM0YQ23,54,01HQP4D4W74P7GXCD6DM43GNNF,2023-08-09
eab60874-7ad3-4c65-ba98-4d0c5d606866,9YW3WM0YQ23,39,01HQP4D3ZB6W8PZM6DDRNBMMJF,2023-03-27
