supply_id,product_id,supplier_id
52c93972-ce6b-4141-8b3e-32c54239d980,7HN1XV6UG72,SUP-8346
e2a9eb91-0a8e-4fc6-8c41-214348eb9584,9FF3QD8FD98,SUP-8748
37b238ec-0e1a-4387-95bb-c2f71bacf40b,2CE0C12CN61,SUP-1901
f496a38a-7641-4524-82fa-a9a7804d0568,2K54YF3QA01,SUP-5189
0d8a7262-af0a-4019-a119-225c26087e02,5D22HQ2CF81,SUP-7699
34ab1055-8497-48ca-8775-bf9ddd76a7fd,8RE1K18JD08,SUP-7754
63a4b4bf-956a-4d55-bc75-3addb65e5a11,9V81JJ4PG15,SUP-1554
477b0189-c49f-4eb6-94c6-18b8ac3836e5,3NV4JV4FN23,SUP-0486
55a10907-e576-4e13-a3b2-8baee4461aec,2RV9CN0YC25,SUP-1350
a6f3079e-982a-4097-94ec-d570e9c93622,3TP6EC4EW69,SUP-0814
9ad529f2-8a7f-4db8-a45c-d0f9cfe0dca9,8XE6XV0DA95,SUP-0230
f240c637-8b13-45b8-bf30-85e5f31ded23,8WD2KN6XG72,SUP-3954
1057784b-8e51-4e96-ab9d-93cff74c9a72,3D26PE2RA32,SUP-4951
a19a8648-9941-4825-b81d-aeb1dd6852ac,2EK7DM1HX90,SUP-3534
c17ab03a-767b-41f4-b288-390ded1bb3c2,8P71FQ3EY86,SUP-5540
a1d5ae10-310d-482a-99d2-0e152882b05c,3DD5KX0DW16,SUP-1418
83cae439-255e-4ee5-8a58-89ec79563090,2Q28TC8FT46,SUP-0800
cf1d5918-df3b-4ad2-b951-115e5323feb8,4KF2XX1GT05,SUP-1693
fd014556-6fb6-4645-8dea-f19c1a0ff48c,6W53XX0VH98,SUP-4272
582a9d9e-2dd7-43fb-bb7f-64918bcbcff6,6WC7WC7HJ83,SUP-0731
1d1b7748-9b1d-40f5-bf72-5e72996069ef,9M53FT3UQ16,SUP-9734
824e219f-db18-4637-96b1-b90da6cc7509,5RP2HA7XD88,SUP-9360
6015d4bf-3c5d-4886-abd0-1f23997b5a22,8C14J72CQ11,SUP-8346
f525c199-f020-47ff-ad69-89537b16eece,9KX3R82XH17,SUP-7754
c11fe655-0da9-4b5e-81cb-2ed33622a08f,7DW4G31GN88,SUP-7592
888940ed-433c-4105-ada1-18417a8c62cd,9XR3KP7YH85,SUP-6460
d9f0a163-c906-4959-9e12-0c305351b6d6,6AX3VG7UD97,SUP-7699
7c6895f0-d999-4784-8d78-726fa350ce9a,6T18UE2MG02,SUP-9436
7a7f0b66-5a78-478a-aeb5-8730f9c67745,8PM1YG5AT44,SUP-2437
0a9bb521-dabf-430b-bd05-7918c53f2a77,8YX7UX3AK88,SUP-9871
ade851d3-7176-4b40-b335-b747b410e86f,8KM5P47NP49,SUP-4951
9eca3570-33b0-4327-be9d-0efb5e563966,8FM9GV5VV73,SUP-6460
d16a6eb3-5f7e-491b-8c75-184e98c0dfe9,1DW6N60KX24,SUP-8949
19064c58-3f06-4194-a61a-9d765541eef1,1KW3YF4EC69,SUP-0486
09b4d88d-60eb-4b9b-95d9-df1adb66e9bb,8WK6E16EY82,SUP-4272
efba154b-eb4a-44a2-a4df-a541937fbfec,6J05DK5NE29,SUP-0814
7e40f1d4-0054-4512-ac5f-9897283f935a,2V33U42HF67,SUP-1146
b85ed5d3-011e-4798-b50c-ad2c54b5c9b0,1EM0JG5FQ43,SUP-2306
3699e12e-6a13-450f-8d67-5036c7cb4f66,5TD5FY6VD00,SUP-7754
bbbe4fd3-a727-41cf-9b3b-27a409df7fc7,6W13GD4YT62,SUP-5189
dcb7fed6-4ef6-4271-b5d8-744c90253742,2CE0C12CN61,SUP-9436
1b1f873b-149e-49fb-9dab-0f7f8373302f,9AQ7AM9TQ26,SUP-1901
622618b1-2748-4b38-8cc6-7e4d0a485144,8K16YR8YR84,SUP-2437
69182ea2-95f9-4011-b345-02623861c388,4D17HD6QN38,SUP-8949
3a0d3306-d685-4358-bd4e-62c7142d6a2d,6DC7F66VA36,SUP-8748
0c30579f-5d8d-4585-89a3-4799a63fe7af,8UD1QJ9NF11,SUP-5990
dcc129fb-27a1-4333-b0f5-aa5ee5f64b9e,1WX2GQ3PV37,SUP-0230
fdb4c9c4-0c3f-4861-97d8-ac3e2322acf4,6DH0CR6YT43,SUP-6460
5a162d2b-13fd-411e-bb76-5f9f9e461644,1JC5W24PJ52,SUP-9360
669ff803-511b-4e62-b9b8-9dce0145a0db,8KF3W63XT06,SUP-0734
3e3c4101-1dec-448d-b8c0-bad9c85b173e,2MW8UT1KR97,SUP-1508
d4387157-e436-4552-b022-19054474c596,3HY3N10KG62,SUP-3954
80baeb34-a486-4bc9-84eb-5853c346416c,2Q58KN3WF43,SUP-5540
22bf57a8-6232-4de2-9b50-3fb29bb684a2,2H07HR3AN89,SUP-9436
064cc923-0e33-41ad-9466-224a69ea9833,6M02Q23RX95,SUP-1146
b61c3c75-8440-4eea-8005-d86e3e60be67,6C91Y31QY35,SUP-9951
5acf9688-043d-4024-b0c1-8211d07d6fe9,5HC2NX5MK84,SUP-8344
dabb6b49-b05e-44fe-9b08-28f9cdd66b7e,9M98T18UE75,SUP-4272
8c3a64ed-8120-4650-8cc2-bca4ee207fdc,5JU5TJ3CT75,SUP-0814
d6184730-f09d-4f77-a916-39b567b40e09,8Y18HN2FX67,SUP-9881
e7fd88fa-6708-4f8d-a8c8-d0b8689ad198,9A66H64FA64,SUP-2926
ce9e2eb8-c50a-4cd7-8c87-48724f6a5f8c,1G44EJ8TJ08,SUP-4951
ba6e068d-d24c-4b20-a8e3-46de276f024a,9XP9JR9XM70,SUP-9734
b4be130c-4251-4ffb-9c7d-7d06d7e307b5,9RJ5N08RQ62,SUP-7592
e04e96b3-d6b5-4070-875d-315b4c4fce9e,8NX5VM2FK97,SUP-1693
4f56648c-c5c1-4f26-b11f-b73ba46d3792,6M32W77QE04,SUP-8237
240a24af-d598-4686-85e9-2cc45f051754,5T86YT9HV15,SUP-5990
3a4573f7-e277-4d9e-a005-b5c1762c900a,5H28Q77YH37,SUP-3534
190c64bb-a709-4ceb-acef-6d36a07a4a6a,9M98T18UE75,SUP-5567
e2b4a69b-b26f-4151-a261-dffa3700c692,8KF3W63XT06,SUP-8344
acfdad1d-5941-489a-bf1f-71d55f1f1744,3D78VD0UW70,SUP-1146
f3b8f96b-bf4a-44b8-a5cb-04ff4b1cc051,9WF1N45DR56,SUP-0910
86e9a68e-81db-4376-a7d6-a029fd1ae86f,3TP6EC4EW69,SUP-5540
e031d8b5-2258-4de9-88dd-a338699c3e8f,4JY1FV4MH33,SUP-1901
1709be73-16fb-4816-a1a8-30e23a77b234,2RM0NP9TK40,SUP-2437
d9c05e68-cbbf-43d9-a42f-b30b98068b2e,9XQ5VV5EW76,SUP-4487
b38a5f90-50bf-4345-b51e-861b23fd0d95,3AP8CH0HU70,SUP-8387
168f9206-24e4-46b1-b7f1-75f27792227e,1EF1H46JK87,SUP-9865
f5b98b89-c928-40eb-924b-4213e5a61253,7R97M49JX93,SUP-5189
acaba107-2c74-40ca-9f43-e3300e7e6750,9E26TM8WE61,SUP-2177
bc10b614-60f8-48d0-a6d2-8a343e7593b1,6FR0E75YE74,SUP-3257
a4b11e2a-d9f7-471f-98bc-10a6253ae3a2,2KD9EM9VW10,SUP-9881
34e73041-c187-4f76-b962-c3bc1b1e76e9,5Y55K16WV99,SUP-9951
ec825f1c-f212-47ff-9dc6-671d452df385,7QT1T38CQ83,SUP-1418
67148ddf-4fba-412f-a355-c07724da0d1b,2MW8UT1KR97,SUP-0734
e49e882c-44fe-4b96-b6b9-401eed99a0f7,6N29QJ2JV21,SUP-9360
ad8cac4a-9c29-4f27-bc45-489a9965ee23,1W01T69JE65,SUP-0800
a8e5d6de-27e7-4595-a9da-cfeb7f936fbe,3U13J03GT52,SUP-4366
d0445454-d729-4178-8d20-97fe0ea3e7f4,3T84VF4QD71,SUP-5567
0a86a112-4425-4d4e-b37d-f08e357b7bc6,2M07RJ0XF27,SUP-5189
0674d15a-440f-4472-a9ef-c555d9c76eda,2XC2TQ0WJ43,SUP-3534
29e0b758-a3ee-4c03-8e10-9176c75b2f55,2PF4YF0XN09,SUP-0910
b6865321-9426-4b3b-812e-e806d953269c,8DV4JJ5MJ82,SUP-0814
8502e20f-3314-4e3e-b308-4dd1332dc204,8PX4QP8MV74,SUP-3773
01e45b17-1998-46ce-8bdf-064225602db8,9C23G16VN81,SUP-8387
f9e04559-986e-43fa-b25d-c8603e1492ed,9YC9YR2JD59,SUP-2926
08f0fc2d-154c-4908-b8cb-31d085d77b71,2KD9EM9VW10,SUP-8748
33962ff9-972d-4d2f-9140-c4576c138d91,5D72V31EC25,SUP-7754
56c0a902-fae9-4ded-b3f5-3fb82e6217f1,4CW5UP7QD44,SUP-1901
f908c125-a1dc-4ef1-9aa2-5f3896161037,9FV9C21YU46,SUP-0230
d1f673e8-6960-4982-adb0-037bc14cfab2,5E02M85JK19,SUP-9284
c8c39402-1e87-4fdc-9089-62357e16a137,2YJ3YN2DP45,SUP-7592
b3e3c072-a8fe-4b70-b0a4-4b448d5f92e5,1H07DF7PP71,SUP-5540
e1224af9-7124-4d4b-84ef-a23f655d9b45,8KF3W63XT06,SUP-2437
a713a59a-f0c6-4917-86b0-afa02f06dde0,8YX3V11WQ29,SUP-9436
2dc32be4-e3a5-429a-a4f8-cf8f88d83697,9RJ2QK3DE37,SUP-7699
a16d645c-990d-4cdc-b4cb-57fdf697b775,9PH6HJ5YF42,SUP-0734
ef1edc29-342a-49ea-91ce-8f7853f8621d,2P94D65RP31,SUP-8237
4716dce0-a807-45cc-8203-ca8e4ad644e0,2N80F38PP37,SUP-0486
603d1508-d0bf-4c73-8f45-43315299f699,9GH0U79HG66,SUP-3954
b77df191-e61d-447f-a993-4137ccc2d461,6AQ0QD0VQ97,SUP-9951
99da2aea-9103-4b94-bbff-a38f48d10302,6W53XX0VH98,SUP-1554
baabce92-2bb9-4121-9e9a-51adcd8fbde0,3D78VD0UW70,SUP-4272
e2f52a65-5b30-4e95-b824-46fcb40a01cf,7Y38DV2DD37,SUP-8346
bc303699-0bf1-4952-bd24-58f0d33fd3c6,1AX7NA3QF08,SUP-1146
4b1300d5-e05e-4966-b77f-412265adbb20,9Y46P59HU11,SUP-9284
26873989-f785-4bb6-9405-79a0e88f2ecf,6U92YW7WT02,SUP-5990
e6b2fc4b-77f5-49ac-b9c5-0458f2b78a97,3E62CP6XT50,SUP-2437
caebb1be-1241-4888-b20b-8dbff2fe8126,9FA8FD2RQ68,SUP-9360
50d99428-9aa6-4687-afb3-8ca8ffd4ea20,2AQ4PT4MY64,SUP-9865
acb9dfef-e2da-4c30-b955-de3582538231,5TJ3EK4JJ51,SUP-0814
0f945331-7cf2-42f5-af0a-26f74e00ea25,3V73F74WY71,SUP-8748
72450cc6-8ed1-4e80-9a2c-9d4ce19c2a92,9PH6HJ5YF42,SUP-5688
e36c40bf-cd05-426c-86e2-52a73104d504,6U92YW7WT02,SUP-3534
68a1a9ac-b749-4321-b896-89a8ec8c67cc,4GM0V18FG35,SUP-4487
0f61fe11-6a0f-491d-bb4f-d9452791d474,6DC7F66VA36,SUP-8344
49f976f5-4ca1-4935-8884-57de76a9ee7e,4FU1UA1AR86,SUP-0731
24df2899-6ac8-4448-8c98-1cf5d82e1aa4,1D54NM0XV43,SUP-5567
008727fe-7ef7-4eca-a397-3b8cf450a0c2,9WF1N45DR56,SUP-2177
8c9f38c6-401b-4611-81cb-ba8429622c66,7K27P15UC40,SUP-8040
4eda60b7-e44c-44dc-855f-7d4018ad6574,4Y66UU2MJ72,SUP-7592
aeff4b52-ba4b-4ec2-9f3c-01a23a01e322,2TY0MT9KQ10,SUP-0486
ed9a61b6-4a5e-4a01-aed2-57c4f0b9504e,1VT7UC7TQ29,SUP-7699
e1c519e8-921c-471d-852f-fe600c8503f0,1DC6MQ6EE31,SUP-1554
5d2a5811-2f83-48b8-b97f-f7bbf1118d3a,8QF7N66QQ32,SUP-8040
9598ad2f-475f-4304-89a4-971fe780bd85,1NX6H09YQ01,SUP-1901
ed857429-a7c0-4353-8624-53cb1a6f7ffc,2UJ2AM7MQ80,SUP-0731
54b00ba1-0baa-4246-9fa0-212f3e2bac1a,8T40TJ8WA84,SUP-9734
daca9612-3c4f-43e5-8a22-8a9db9db9a58,3NV4JV4FN23,SUP-2177
0964d9a8-8fa4-4c65-803c-e8eefc29df0a,8G91U37YX34,SUP-3257
db37b15a-8936-44d0-911a-9906960da4a7,2RV9CN0YC25,SUP-4487
6a196c65-5f40-4aba-98e9-f6b1a021cd7d,5RP2HA7XD88,SUP-9436
000644f1-aecf-452a-9777-5bd81041f29a,8TH8GX4QA76,SUP-0734
c31ca42c-0860-4084-b01f-b56ffa5968b0,3HY3N10KG62,SUP-8344
d3d3c7eb-4f84-4ae8-a437-1d857b6a5f4c,3U13J03GT52,SUP-9284
ce6a836a-4696-4910-9735-e9d40fed4611,4R43U78JR02,SUP-9881
4d9e6d65-8208-4d5e-af1a-235b2dcd741e,3AP8CH0HU70,SUP-1901
fcd01bfb-394c-4727-9c41-141cc4379665,3AX1X29TP50,SUP-4951
4c26048c-4cdd-4b50-a85e-d92fe19f49d7,8D61EW8VJ60,SUP-8748
c6d0364d-fded-4edb-8510-790f8fab8937,4QU5NY0KF75,SUP-3954
9fbbcc24-7745-440a-b460-7a53535dc805,8Y18HN2FX67,SUP-1693
44661392-7303-478e-a779-5fc669ac8c6d,5M43E84KE58,SUP-0486
2418882c-8c65-4957-9e85-b2483aa50bfe,6AX3VG7UD97,SUP-5540
1a746ded-d47d-41e6-850c-f0003cb5afcd,9C23G16VN81,SUP-0910
fab40990-b8a4-4660-ae45-8e6820af3587,3NQ4MH0AD85,SUP-0230
ae679040-0c05-4669-b19f-5e69eb62b943,3GV7G81TW32,SUP-3534
5e88087d-5f44-4bb8-a348-4cc45e594d1b,8A73R04AM17,SUP-1554
564d1c0c-15de-4723-b327-f1d7bdadb0e1,6FA1RE4WG80,SUP-1350
58863662-8935-45bf-a867-92bc6867c207,4DX8P08KE60,SUP-1508
3ddb7a32-ed89-41b4-8124-85709e00772a,5J29RW9EP00,SUP-8237
14500f67-65be-48e9-bcee-3620ab1d7c31,2W38N89QH13,SUP-9734
2e927969-236d-4331-96eb-faf4932959e8,9KX3R82XH17,SUP-0731
711a88f0-b7b1-4e6b-a701-faf5034ecde4,9KX3R82XH17,SUP-9734
bd0e0469-7950-4f01-8730-0f2205e4f263,9Y46P59HU11,SUP-9951
ea6a349c-093b-49cb-aa83-ff60f314ed88,5WU1TT1DU55,SUP-9881
8bedf905-de6d-412f-9c7c-b0864a4a00eb,1QV1FJ6KQ49,SUP-6460
36b271a3-cf3d-4bb4-8d19-ab66014f7111,2XC2TQ0WJ43,SUP-9871
1b2ed88e-45d1-4774-b156-51f0366b8bb3,8J67X90NG96,SUP-3257
c5a5cf81-d8ed-4332-aa68-8f703e4454e5,7R17Y59UN27,SUP-2437
5e8db780-97e2-4c08-ac09-f3e58db1bfae,8VJ8PX2KH93,SUP-4366
fa7a0853-9b19-4d02-b64e-73ed0c6d5b47,4W28GN6RM58,SUP-2177
9b5e298b-ec5e-46bf-aef4-03c05e1eec0a,5JU5TJ3CT75,SUP-9436
f72ac475-062c-4193-ac4e-a59b9105f73b,8PM1YG5AT44,SUP-4951
d64aaff9-8ba3-45f3-9f8b-451b66152fcf,7CM6DA8KX99,SUP-8387
15b17c75-5daf-4e85-a06e-4cb2f85988fc,1TT9QH4NY95,SUP-3954
52573fce-22de-486c-b625-f33c00a2332b,3GT7YH6AN91,SUP-1508
84a6dc4a-83d5-4ecd-a531-69502027de82,5W60EF8NC85,SUP-5540
faf707ce-e9f5-4e5a-9a4e-26dcac815f3f,8XR1X90AJ17,SUP-1350
505758f9-acea-4a6e-8a0d-6f4561073a5d,7K66QN6UM23,SUP-8346
0b2601bf-1b4b-4ebf-8b22-6ed73a6e6346,3GR7K88MQ97,SUP-7592
13d06fe7-cba2-4989-bb83-014ad7b7b6df,2H07HR3AN89,SUP-9865
9c41d4b0-1474-4b28-a316-41ad1bbb50a9,1KU4PN8FU70,SUP-6460
dd426044-89b6-4e65-91cf-191407b28a1e,3N65UG9YV09,SUP-1146
0b63d43f-c5f4-4aa9-8bd4-79128544fdd7,3HR9T87HN01,SUP-4272
2124ef1f-9ba0-47f9-b37c-252d1a95840f,5TJ3EK4JJ51,SUP-1554
bb93bb22-964b-4999-ac63-aed7d680148f,1FU3M00TU09,SUP-8387
4d73fd4c-93d2-4bcf-90fa-5bcdd4048e77,8JM4FP4MX45,SUP-0731
64f72a55-d5da-4e56-93ff-492c5ad51b4f,6FR0E75YE74,SUP-2177
e858b1f4-3350-46f1-83cf-66024594ea0e,9A25G34VY97,SUP-0734
7c924de6-cd5a-4a5e-a375-b2d3f7af75bd,6WC7WC7HJ83,SUP-5540
fe686ef2-a46e-436f-86f5-5fd2407f52ab,8M97MF8VK84,SUP-0230
5e869826-b6be-46b0-a992-f443c5d248c9,8MF3HR6NM68,SUP-7592
bd863337-cf91-4bc6-bf36-2406af19c08d,5HC2NX5MK84,SUP-4951
80b73731-de71-4d7e-a944-79a6e35380c2,7HR0PQ5VU71,SUP-0814
279f7669-9c32-40f6-9c14-a6739cc944ea,5CW2Q80YT56,SUP-5567
ccd71d9d-04d8-4edd-b62e-69fcebf61719,8M06AA7FW06,SUP-4487
e323f11b-6f68-45d7-9ff7-d91d302b0373,1WH9JU6CN73,SUP-0230
5f86c22c-2125-4499-9882-1cc38bd3e967,5JU5TJ3CT75,SUP-5540
6fce4788-d84e-4091-9812-d253af0f587c,8H24M84WA59,SUP-9871
76820b7f-40ca-4d85-a80c-2664b1578706,8FM9GV5VV73,SUP-1418
96face97-492b-45ae-9819-739ae395b02b,6W13GD4YT62,SUP-8344
34aa55a6-82c6-4701-94fa-9d653a50c7fb,9ER6Q43MT36,SUP-0814
3f96b559-7ed0-4644-9ca5-3f17f406c764,8D46HR8PT17,SUP-0731
6a4921c8-00fe-4b2e-9a86-c91fe783cd7a,3MN8HA6RG92,SUP-7592
6bf8e84a-3c6a-4562-8e73-85dbd07da302,6AX3VG7UD97,SUP-9360
3c16b4e7-1389-4c7e-8020-bffa631c8d4d,2CE0C12CN61,SUP-7754
8555e5ac-9018-45b9-be71-2b99abee45de,7CM6DA8KX99,SUP-3534
d78f1691-93c3-446b-87c1-1fdd762ff0bd,6N40G90TU39,SUP-0734
8ed0c4af-7f52-4e11-9549-eb0dde375bfb,3NQ4MH0AD85,SUP-8949
bf4d9357-3193-4357-b80a-d3bc17a7135b,3E62CP6XT50,SUP-7592
a261d933-22c8-4826-bc11-de404e505d32,9C71A69AA07,SUP-4366
01f4325c-0355-4c3a-b1d9-ae8038a6bbfd,9MV7Y04QY27,SUP-6460
9ab66017-1430-4662-8ac0-28eb58b3fce0,8WX9T98EC83,SUP-1693
fe20d033-891e-498d-9fff-1f3b164cee16,4E80AQ2RY02,SUP-9436
0ef08aa7-4047-4bb3-9a19-9d3f14fd8ed3,5H28Q77YH37,SUP-0800
c8c21be1-2fce-43b7-8f9e-45a2ea9d3032,7W49Q79AH15,SUP-3257
b8ee782f-ebe8-49aa-bc0b-6349cc6cd2b1,8WD2KN6XG72,SUP-0910
1e4a4a18-c304-4e8f-842a-352de8c77011,2W38N89QH13,SUP-0486
e4a95a72-5ee1-4d89-a042-b2389d8c3bcc,4H53TK9DW63,SUP-9284
502f33a3-ab6b-483d-acd7-d9ff703a3b29,6M32W77QE04,SUP-2177
93449e14-6182-4d57-b5c1-8c4b0e1988b6,5T86YT9HV15,SUP-4487
bca54b84-cb8c-4cb0-aeaf-9a50aab5f80c,3M83MY9QY56,SUP-7699
20193123-5e2e-4902-bada-3f0f775b237c,8FX4N95KR37,SUP-3954
64baf4e2-16f4-4fcf-8bb9-3c56d75b178f,8J67X90NG96,SUP-0734
6740c663-2935-4a81-af0d-0a26faa7a6cc,3N91GT6GH64,SUP-4951
3c81c6d9-bf82-42b6-8555-609339f6150c,7G60FX2MV20,SUP-8748
da902830-8b1b-4778-a78d-70164faef526,3RF5N51PY30,SUP-5189
cb8bb590-83fb-4616-8f2c-209dfbf182b2,5DR1M38YW11,SUP-1146
d7ccc73d-3d73-48d4-b79d-de79e734716d,8MF3HR6NM68,SUP-3773
be5a3087-b5b0-4624-bfd5-add6972757ad,9ER6Q43MT36,SUP-8237
5a8fa358-5bd1-4514-9616-aa58f93eddf0,5D22HQ2CF81,SUP-4487
f948af35-bcce-4c37-90fe-8b4eb66a65f4,8WY1M76GX03,SUP-7699
b14da31d-45df-40cf-9ed3-d1e7aa725191,1G44EJ8TJ08,SUP-9734
e0abb0d0-4552-45aa-91b1-2149638c1737,2XC2TQ0WJ43,SUP-8949
bf0c729c-6f15-4a77-9337-2c5680a19f3a,3AX1X29TP50,SUP-1901
a0a678e2-d2a6-4c7b-8358-acc9399cb70e,5NY9RN5MP43,SUP-3257
2b4db044-d265-4612-a829-797ded270f3b,2EK7DM1HX90,SUP-9881
4ea9d387-355b-49b1-94fe-8d34b88045d4,1DC6MQ6EE31,SUP-0814
04ffc8ed-a2c5-48d2-8568-292008b7ef97,8A67VT7EU69,SUP-1554
08ade1b7-c222-4da7-9503-9190c9b35780,8NE7U26UQ11,SUP-9360
7dcf3cc0-7cce-4bcf-a16f-36c087d0dfb5,8E74CG9XX00,SUP-8748
9c29039a-8b0d-49d4-bf41-9bbaac88da18,3N91GT6GH64,SUP-9865
adb41829-50a4-47b3-90a3-33aa2ffa6f0c,3XF7EK2MT27,SUP-4951
e266a162-190a-4174-81b7-575a3d1007e0,7FM1TY2WW43,SUP-7754
fa8e846c-4628-445c-81f0-618500c4c767,9FA8FD2RQ68,SUP-8237
b0b4d084-6a66-42de-9c62-9147f7326a18,9EW2W90DW49,SUP-9284
16b11a97-4398-413f-a05b-1f0117013043,2PD9JG3XJ36,SUP-6460
7d9aecd7-5852-43b8-b8b8-3277e4f0161b,3GT7YH6AN91,SUP-8040
98af4c51-ebcf-436b-848c-a78dd6e8f4e0,2RM0NP9TK40,SUP-8344
e395c1e5-3854-467e-9f08-20860c6d21b8,8RE1K18JD08,SUP-1350
78bc6023-6ded-4f02-9541-1ebbc035ec68,6W13GD4YT62,SUP-9871
716762a1-d8b0-4ef4-89d1-a292853e9cae,2PF4YF0XN09,SUP-9881
0fbb7c28-66e2-4d9d-8ec1-d55b8960ab53,8E78QJ1EX29,SUP-2177
07576446-622f-41ea-9a01-38c2f04c8470,7DV8KM4QE54,SUP-1146
23cc82c8-e1a9-42ea-9bdd-6f0b50707edb,4JY1FV4MH33,SUP-4366
350724c5-7e04-4e05-99c2-a28b43f7adec,5AU7V68CY09,SUP-4951
0a82b465-5212-410a-be09-3caacdc390d6,8FX4N95KR37,SUP-8387
223de312-4fbc-4ca6-8606-f69ceaa6bc70,5NW5FT0NA97,SUP-9436
8568355d-a434-4b6c-9813-01d74c6add10,5NY9RN5MP43,SUP-1693
510d1889-c631-44c3-9435-9fc8622941fd,5K37U95WP77,SUP-1146
52a41b37-c674-4a0c-ac00-f7ba8e8b9037,5Y55K16WV99,SUP-3773
cf1a8ba5-eb41-446b-9815-89ac1b9e19fa,4FX4GD7UA53,SUP-2926
c760875d-e0c4-4d76-8404-1f469753e42d,4GU9Q60GJ24,SUP-0734
cea36df9-1f14-4bd3-963f-fb1d1927e126,3R34GN4JE61,SUP-0800
7d12b077-5078-42a1-9871-951a4722caf7,3UQ6JC1FJ55,SUP-7699
59bf3fe1-ff1f-4db8-b13a-2c075c8a03b1,8DF2AN1QN30,SUP-2177
6c9c0f64-d6a3-4377-96b3-c7eef42a4c97,9RJ2QK3DE37,SUP-1508
26e59762-408d-4843-83d0-36012347a179,1DC6MQ6EE31,SUP-5189
e5dd51f2-ac24-4775-a6b3-ea39b7d42f61,3CW4TY1MG99,SUP-0731
b5d8bf60-6dfc-4dd5-b4cb-a4acf3edaec5,5M43E84KE58,SUP-0814
9f68daeb-5909-4fc4-8801-73c82dd1c60a,4KF2XX1GT05,SUP-5688
ed3e1afa-ee02-4390-804d-330313b9aabd,4CF9AF4XA40,SUP-9284
53ba8a7d-5334-4696-b7a6-95deb34563a9,5H28Q77YH37,SUP-4487
7e897825-3c34-4b7b-beea-455f9bddc567,5QM6RD9XU64,SUP-8748
b2bed6f7-68a3-4a20-94d8-c7cb21e4bc63,7K66QN6UM23,SUP-8949
b614e4d3-f224-46ec-9571-baf845a3eb73,5WY1G98FX63,SUP-7754
a7ca753d-89f7-4ed1-98bf-b051630f2132,3MU3UX0CD24,SUP-1350
36fc2b48-1be2-4376-a749-f3008a7560da,3GF0QP5XQ14,SUP-5567
336757d2-7657-4fbc-8071-6d8430e3ff90,8YV4J76FD27,SUP-2306
b33e7bf8-8bba-4b4f-9c73-7f82807e1790,1WX2GQ3PV37,SUP-8237
1244db3b-82b2-4c38-933b-a41941d832ac,2EK7DM1HX90,SUP-8387
f52325a7-49b2-495b-9e29-13518af0eb03,7R17Y59UN27,SUP-1350
819ed2a4-34a8-4ad4-9fd8-75a24c3e1a37,6UE1YE8CY27,SUP-0486
a81e0269-78ae-42f0-aef7-8999b45ac542,5RP2HA7XD88,SUP-7592
831e18ad-5b46-45ec-93ee-432189f57747,8NX5VM2FK97,SUP-9436
c60aa173-78e0-4f4e-b00a-44a5c699f01b,2TJ3M64NW79,SUP-2926
f7106763-f679-4f82-81ac-b6127aba7387,6JV7M99CK28,SUP-1418
63c12f7e-69f7-44e4-b712-349af4b08e35,7E76VV3JA79,SUP-3534
86da5a60-7009-4716-bfe7-b8071ea76108,6KP8W20GD67,SUP-2437
c311377e-0eed-4373-a81e-7b6f1e5b10f5,3HY3N10KG62,SUP-3773
3ff02fd9-0076-49c9-a7c8-3fb90e967b1a,6EE8M41QM49,SUP-1693
c4862b42-542b-4b80-8de5-e8abb9047527,7YW0Q82XM49,SUP-5688
94111245-9d85-40ba-846f-734998996ace,9EW2W90DW49,SUP-2177
dd40f62f-ff24-4681-9bf8-5cca55d1ba68,4HE8JK5AD84,SUP-0800
5c40d68a-6c2a-4880-956d-4aa320e3e6e0,2GX7HN1HG81,SUP-8040
39ba0a60-d29a-48e6-84d3-40d711a8e799,8NK1AD8FJ35,SUP-8346
3dadb822-35fc-4cc2-b319-7b9158699014,7HN1XV6UG72,SUP-1508
79ec6971-4be4-4e60-a7d1-21d0d890b4a2,7VY2N40KH94,SUP-7699
de40235a-027c-46f4-a51d-f7b16193fe3d,8A85C75WK92,SUP-8748
b3cf930a-5ba3-4828-a435-22d66d7eb899,3N11EW5UN36,SUP-1554
31395132-2d0a-45f5-af72-58355f5b1463,8A85C75WK92,SUP-4366
06a4b03a-7f56-419d-ab00-6764ec5e0afa,8VX3U15WG21,SUP-0230
2a8614af-5173-4794-83f3-51f1bcb0d9fa,3T51WE8RV59,SUP-0486
9c59f800-aece-4635-b5f2-1dbfccdd6333,4PR1W64RM57,SUP-5688
95c5edba-ee03-4a52-8313-ef807d934d60,9WW8JK6QF24,SUP-9436
458caa94-0541-437e-b65b-5b97ad626ea5,8NX5VM2FK97,SUP-0814
46fabee1-7762-412a-b8ae-43bfc9bb9a51,1KE3VY3YG33,SUP-0734
11266282-c21c-43c7-a9b7-566c32e34af6,2PD9JG3XJ36,SUP-0731
f7cd3e2a-69ae-4bd4-ac1f-a02678c5c968,4PF4M84CR49,SUP-9734
a6d8b146-575a-491f-bc5c-d48747f688e1,1HR7MY3DP49,SUP-6460
aaff716b-1fe3-43ac-be00-64e7451f36f5,6T18UE2MG02,SUP-1901
cab2b8f6-4481-41b4-96e1-75c400d65250,3XF7EK2MT27,SUP-9284
20620281-b547-47dd-bf2a-6a51cca6d552,8T91R76RF07,SUP-0800
40ab0794-daea-4d3d-b80b-b26fda61c523,5M43E84KE58,SUP-1508
700f1122-1739-4c3b-abd4-f07dd267cac8,5K13H42VN39,SUP-1350
78791a9c-4001-4ca7-a475-be5ca59af4b1,3K49CK5RR81,SUP-9865
9c3bc431-7c36-4844-a235-b32591186c26,7QT1T38CQ83,SUP-1693
b189fbe0-370b-4061-9027-fc0355fd3f3c,3GK2F78TA33,SUP-5189
e00ef1af-77bc-42f4-9b8e-83841a7ec92f,8CU1RU6NP44,SUP-9951
b8fcc29b-be55-4254-93ab-cf5ddd7eb1fa,1WK4U99MM89,SUP-8748
bb1bd39a-863b-48a2-90bf-63dd4dd9519b,5Q24NY2ER45,SUP-9734
d0834c2c-0b8d-4698-9fd4-8e2cd6a57c62,5D22HQ2CF81,SUP-8040
6c91ab30-82d4-45e2-b61d-aaa05348173c,8WX9T98EC83,SUP-9284
51855923-0ee1-4e49-8699-9d721d4af876,6YN6MU7XN42,SUP-0734
e7e955b7-256f-4beb-be50-4af03a81c73c,6KM5WP3CW30,SUP-9436
f2c5fcc3-3407-42ff-9654-ceab424912a6,9PH6HJ5YF42,SUP-8949
7a9ea42c-15d2-41e1-9829-fcbce72ac707,3D78VD0UW70,SUP-2437
0523e4a8-6128-4021-af41-65b2a2b01a23,7K66QN6UM23,SUP-0814
d8491827-4eb4-4daa-9a68-e07392e6e55d,2EK7DM1HX90,SUP-3954
53ace59e-98ce-4046-a08d-f1d189db3335,9EW8G06MH98,SUP-8346
4edd6ffe-d770-473c-aa9a-f5adde2487d5,5MN2A10FG43,SUP-8237
ae344c91-6ce3-4c94-b9a7-820031c5269f,1WU2X43WQ02,SUP-1418
705d2d1e-87fd-4c02-b71a-9237984c79ab,3V73F74WY71,SUP-5540
a5d52b34-1840-4797-bad9-4b02a64c41d8,2UJ2AM7MQ80,SUP-5567
4c7934fa-a30f-40b0-8cfc-4ec10ceb844a,8KF3W63XT06,SUP-4272
8852fc47-6efb-40c6-90fd-b84b4a762337,1MG5J33DQ09,SUP-1508
9c07a9f6-f63a-4986-8e0d-3deb9a45c670,4DA6GQ9DN85,SUP-2177
586cc994-8331-48e4-91b8-e8b854fe4562,4H40AP6KN52,SUP-1350
28c7e482-791b-420b-9162-bf3a3d3e41d7,1EW2R65AA04,SUP-5189
2e9be541-6716-49f7-ab6d-df2857863a7b,6FR0E75YE74,SUP-7592
76a2c1b9-6739-42be-849b-7e118d0365d9,6RK8QH5GJ00,SUP-8949
cb4350c0-758d-4ee2-bc5b-47fc0c89d217,2CK5AX9KH72,SUP-9284
59031f15-231d-4759-a289-294f3b0c7eea,8E10H36WY40,SUP-5688
90e2ad01-3a89-4b38-a1a7-fd052a6d25d6,3HC3EC7NF29,SUP-8040
1c3e21bb-3b14-403c-bfdf-992c4178bdd3,4DH3X44RG60,SUP-0910
890578f6-0475-4772-a66c-5bf216f5a54b,1HR7MY3DP49,SUP-9360
5066282f-0594-4c0f-8e67-fd635e9603ad,5Y55K16WV99,SUP-3954
e42c9d43-55b8-461a-ada3-7ae49f5c281e,7DR2E19WJ69,SUP-2177
deb64fd6-d03d-4ba5-b7ac-d27016938b48,5N28QX7XE19,SUP-1508
cad9d189-0530-4a89-8109-2bf42f8e100d,2RC7Y26TM64,SUP-4487
249d39fe-b801-4f77-8c8c-5410a0417fc6,5Y48F97CT45,SUP-2437
498e732a-27f3-4e99-824d-55411bdc3711,3D28T37MH89,SUP-5567
e1ee59be-00f5-4109-8203-4501f7d9dd6b,5DR1M38YW11,SUP-3534
669c0c51-0d68-46f1-95f6-70bddefd0ab6,9D20FR8HG96,SUP-8387
25901e60-19c2-48c1-960a-9814787c15f1,9FF3QD8FD98,SUP-8237
4cf081a1-ee94-4b9d-8672-3045f274ea33,7DW4G31GN88,SUP-1350
4244981d-fc6e-4997-a8a9-384ddb013221,7M60C98JA32,SUP-2306
57a83dcb-262f-4685-86ee-f56a66da8a17,6D73C39JV27,SUP-8346
63e58e22-5076-4343-b950-a80dcf26100f,4PF4M84CR49,SUP-0734
b1cc0578-449d-4d16-8708-1d3f6191aac6,9M53FT3UQ16,SUP-8748
82c4a78b-6449-42a7-a07d-3a7adc4c7433,8Y18HN2FX67,SUP-0230
d25715be-2b96-4ca2-90b2-bf6500814cd2,5PD3DD3YD39,SUP-4272
b6b05dca-13a0-4803-95cb-4977c455fc58,6PQ0K75PP44,SUP-9360
7fdc756d-5dd0-4d4b-b279-13b0ca8a96f5,3T84VF4QD71,SUP-7592
c81c4194-cdf1-4503-b6e8-1d5538792da3,1WH9JU6CN73,SUP-5189
ba946e44-1aec-4a2e-80cb-956cb6507f21,1GJ8UA4WH44,SUP-1508
3a8fb5db-3d20-4c2a-865d-2feba7d7f8cf,7K66QN6UM23,SUP-9871
c5b41cd6-015f-45b2-a0e2-2b5019adfa7a,4DH3X44RG60,SUP-5990
d036fa7a-7c05-4529-90d2-4518eaba12ed,9EU9K95PG07,SUP-2437
6d14fcdc-224c-4f9a-8d7e-f4c0227e6f8c,9E26TM8WE61,SUP-8387
7f4d119f-8c76-4ea0-a815-bc1222304403,6W13GD4YT62,SUP-8040
2e130977-65b5-4da1-8b1e-62724bcd9904,5N28QX7XE19,SUP-8346
ddd43291-ae43-40e0-bc37-2bb21d1d5c09,9YC9YR2JD59,SUP-0800
f7c784a3-5373-4afa-86d5-537ef73813cd,1DW6N60KX24,SUP-2306
94055eef-59d8-4805-b00d-ca1a7392332b,8QF7N66QQ32,SUP-3534
4f9b53f2-2e94-4b15-8242-71181b3cf051,9NT8MY7YJ09,SUP-3257
adde52b2-a0ab-4425-801b-90a8358614eb,9A25G34VY97,SUP-1418
1b7b9285-addd-46c8-8432-6ec85a23836d,7TR0XX9GT74,SUP-1693
25e11cec-b9d2-4ec6-a8ae-a6136b8452ee,8H24M84WA59,SUP-8040
d303f98f-5200-476b-8818-c6b3d4473e9b,8DJ2RX7WT05,SUP-2437
66e4e12e-7d72-44d2-aec0-b34710eb4047,1DW6N60KX24,SUP-0230
242db218-4b9a-473e-b8f1-836f473694dd,2PX5HE8RV32,SUP-5540
d3c90095-9c8b-4e98-9308-f7e9bbe90e66,8D61EW8VJ60,SUP-5189
399c7ae2-7b59-402b-b147-a536c4639018,6C91Y31QY35,SUP-8949
1045e0d8-6adb-479c-bedc-7589c57c2791,8RR6G29PQ34,SUP-1146
564d2717-618b-471d-96a0-9f28c67a5f1f,7K27P15UC40,SUP-8346
86f9c465-8a6b-46dc-ba17-877d2260796d,3D78VD0UW70,SUP-8387
8dd1f24f-8dcd-403a-a18a-4e0a0c8d6f71,1KY4KP6FT10,SUP-0734
b3340a90-7013-4c24-9b83-bd26fa145514,3VV2N61QQ93,SUP-3257
0fecbdb6-2180-40b0-bd2d-555a11484601,6W53XX0VH98,SUP-4951
8c633f42-7032-4887-9161-f07098a1e352,5CX6FJ6QV35,SUP-1508
88013576-e038-4168-a461-152e9782e334,4EX0MU5PX82,SUP-2177
ff275d33-8a77-4bb1-bb60-31a0839b842a,7W90KM8PY34,SUP-3954
b41ba1de-8397-4d8a-8f7e-665dbdb527bb,5UW6HD6AA71,SUP-5688
d6ea4416-f74f-4802-9b30-451efd782b5b,4E80AQ2RY02,SUP-4366
6f9fec22-f62b-4271-ae29-39d8917f6c86,2JJ3X65CP47,SUP-3257
f016c898-3f97-4fbc-8ced-f2a54a9d70e7,8VJ8PX2KH93,SUP-9865
71e80f69-75ad-4d64-9b2b-f7479ec574ee,6J05DK5NE29,SUP-1508
0d589a2e-4d75-4bc1-a268-7fe431147503,4QK4QK4PX53,SUP-3534
271cca02-3cce-4df0-9555-9ce6330c5476,5U52CC8GH71,SUP-7699
798bc027-19ad-4add-8d66-6d7995be517a,2CP1RC9KY88,SUP-4366
7a301e6d-04e1-4c07-904b-7be3be060c96,3N11EW5UN36,SUP-9284
f2b77737-24e2-4a7f-a878-4777b9393ce5,8T91R76RF07,SUP-9436
fa56d028-e01f-4545-a82f-901bc9e7390b,6N29QJ2JV21,SUP-0814
2f554369-8522-46e4-8ab3-56f4ad466a6c,6AX0KU2YW33,SUP-9360
62bce5c1-daf3-4f5a-8000-5e299a13ecc7,7D27VR1JU52,SUP-8748
34cad00d-a6fd-4eaf-9442-d0e33936fc95,8MM7MP4PW79,SUP-9881
4bd797c9-1e98-46dc-b22a-76fed2df6e75,1VT7UC7TQ29,SUP-1901
9340f681-2820-4c9c-b224-78a8e8557a52,1DC6MQ6EE31,SUP-3534
2b4e100e-25b4-443c-b161-bd369d1b3345,2H07HR3AN89,SUP-4951
7c12de3e-5aae-4a3b-8aa9-6eefa938719c,3N81C41JA02,SUP-0814
d35558dc-6df7-45de-a715-bc849058f27b,9FF3QD8FD98,SUP-9865
bf91425d-2fda-4306-b9aa-63e96a6b96ea,8QF7N66QQ32,SUP-8040
b56d68cf-cd16-48a8-a219-f4e07f001f00,7J20TT6QQ76,SUP-4487
577371e2-11ed-4458-a20b-94c093098a68,8C58TU5PE76,SUP-1350
9090c3b7-a2b7-4c2e-b39b-58768b260df1,6PQ0K75PP44,SUP-2177
b2cd2eea-f80e-4b38-a895-54f69c21f3ac,2K54YF3QA01,SUP-8949
2a25c264-71a0-4183-a01f-4c1bc500b5d9,8NE7U26UQ11,SUP-2437
d2a36ae7-e7ff-4887-b0f9-7d9755e5c1a1,2PD9JG3XJ36,SUP-9360
34dbf1b8-3c12-43dc-8cf7-e0aa10b8d1f9,1GJ8UA4WH44,SUP-8387
abee9e3f-02af-43e8-821f-2dc1721a9053,5D22HQ2CF81,SUP-5567
f91cb783-7abd-4373-b66d-3fa4e2df2969,2W38N89QH13,SUP-0230
33c7c6f2-a6b6-448a-acd5-f8719bd6616b,5CY7M41EK82,SUP-1693
87b22f2e-10eb-4ecb-938b-f0fb6c5a9ef8,6P94HV2EM94,SUP-8237
fb818460-9ab2-4bf0-9c73-34a88e516ac2,5CQ1KE2YU33,SUP-9871
bbd8f681-a2f9-40e0-b6f1-dd0e85e99c6f,2CP1RC9KY88,SUP-8387
0f196d4d-09ea-4406-9fde-fa44ffd1333f,3M83MY9QY56,SUP-9951
1ac151bc-3ec9-40ae-bca8-4479efb555f9,2CE0C12CN61,SUP-3534
88ff9510-7409-43f5-887d-0e303ca4d058,6T18UE2MG02,SUP-0731
632d9341-c156-4ce0-a9b4-6e0d8b11d9f7,4WV8UE2MG42,SUP-9881
305ef08d-2855-474b-a76f-eba47ace3143,3AK6WP3RM41,SUP-3773
db611db7-d875-4cb7-94a4-74a8639edf3e,9FF3QD8FD98,SUP-4487
91ccafad-0dba-4e0d-b83d-a0fad99c179f,6JV7M99CK28,SUP-0486
9510a62a-4198-4b8c-a397-4832a6601e94,8YK2FC0CD91,SUP-3257
3730a301-c5d5-4240-9ade-33653dc2c128,9YQ9VH3WG32,SUP-9436
d0535d25-c968-4759-931a-a757774dbba6,4CV3PF3AE33,SUP-8387
d8b3c675-43b8-4e5a-a03d-6b2e1b422276,4WA0YY7HX63,SUP-2177
23245ee8-63e5-4d16-9d32-c8e5a3918bd9,4QY5R72DW39,SUP-3954
cff70098-ef0c-4781-acdc-2ac37e2340ec,6M32W77QE04,SUP-2926
3ccdf615-6d31-4db1-8d8d-d2b5724d0a40,2VV7XG4JD91,SUP-2306
600cfaf9-3c1d-4d4e-a796-1b36f9b6a40f,4Y66UU2MJ72,SUP-9871
f70a35c1-17ae-4a67-ae91-ed72b9573b38,9MV7Y04QY27,SUP-4366
2a57047d-0ac0-4bec-81c1-122de6b10325,8C58TU5PE76,SUP-5567
026c5947-741e-498b-adec-dc8e566ada5e,3QF3FJ5EU94,SUP-7754
51f1ee50-bae9-4a5e-843e-e3f0e3784498,3U65M18MF74,SUP-9881
5e7ade3c-2dc0-40e6-bdbc-26b55d2700db,5WU1TT1DU55,SUP-1418
fd73e9b7-b695-4541-8189-bb0878ef6f4b,8DG2KN2RN08,SUP-0230
703a24c4-bbcb-45ff-b8b5-b01b70e29de7,9JN8TA8RT22,SUP-5990
0a88c2d7-8e8b-4c1c-81f6-c1f1db22e4ff,2K90F96PU95,SUP-0814
b6037e2b-53a4-4fd7-9f47-5c7cb2860f58,3U65M18MF74,SUP-0800
0c1b6285-c7ce-4785-931c-f5ade0019d06,4D17HD6QN38,SUP-7592
5cd0e307-61d0-4260-be5b-d33ab761871b,8M97MF8VK84,SUP-2437
419b770b-45b9-4047-ac74-6906e55647fd,4HN8KJ4AN20,SUP-6460
722e391b-9d10-4c47-b6e8-5dbf9b567fc4,2PF4YF0XN09,SUP-9871
327eb203-2bf1-44e5-8d87-7584bc79a44a,2RM0NP9TK40,SUP-2926
98c6a9c7-7135-4378-98bc-310867a40a2a,8D46HR8PT17,SUP-1146
1be13dab-3211-4415-9ca6-9344043d47ed,2H07HR3AN89,SUP-1693
7879f692-4186-4769-bb83-0ed53e9bf263,2RX1U41JG45,SUP-2306
57022db7-7257-44f9-8bf4-f5db75eca6d4,8GY5M75JD44,SUP-7754
098277c7-02ab-427d-be75-6cb47e72888f,9WF1N45DR56,SUP-8040
e4946a42-49c9-42cb-a427-f079df607ba4,6UE1YE8CY27,SUP-8949
deb7affc-4f5e-42cc-bf9d-0eec60989f4c,3D78VD0UW70,SUP-0800
9c380de3-c4f9-4e9d-8f00-51f3bf320c6f,8A67VT7EU69,SUP-1508
8fa03c6f-d13a-447b-bc50-2e93f5c508d2,1GJ8UA4WH44,SUP-1554
8735f41f-0d73-434e-ac8b-1e8d78ac8263,3J07HV4HJ69,SUP-8748
89165ee4-907c-4649-87bc-e519eb65cc58,3N11EW5UN36,SUP-4272
e79ac420-3a94-41f3-a841-8f7a4ef19e6e,7D19XV1TU69,SUP-8346
c91a8a7e-1e5c-4e21-a453-23fb4f47688c,3N11EW5UN36,SUP-0910
2cb8dfbc-bacb-48bd-aa92-98229a62213d,6YN6MU7XN42,SUP-7592
212af133-554c-4275-be00-40dcf3ce8ec5,8DG2KN2RN08,SUP-0734
54acb9a9-a4eb-48b7-b03c-954a189012ce,7QT1T38CQ83,SUP-1901
6853bd09-ba92-48a8-8375-b74fb9738f7a,9KY0Y40XF72,SUP-0230
ead0be91-1c32-4c43-8387-19775b143f39,8DF2AN1QN30,SUP-4951
afc6f666-7f08-4722-9881-0f154324423d,3XF7EK2MT27,SUP-0486
fb7de505-0d6d-44dc-859b-1ec9a63ae078,7V35PF7FA81,SUP-2437
51fb1d19-7258-4770-8e89-3286728de849,5T86YT9HV15,SUP-0230
53e86318-02cc-41a0-9348-1a25a7f4e688,9EW8G06MH98,SUP-8387
8079048b-d797-4c52-90d4-05deecdb7c4c,3GF0QP5XQ14,SUP-9865
b7415232-16ed-4cf0-9506-8fa201f3f49a,7F70TQ9CN22,SUP-7592
c0a2fe6b-24eb-421d-b822-fe8c7148b001,2V33U42HF67,SUP-0731
52e21131-dd70-4787-90cf-c2d19cf15ff1,9XQ5VV5EW76,SUP-1508
a30c3c6a-fbb3-452a-840b-af7d8f138c70,9EW2W90DW49,SUP-7754
7f04f2e6-1658-4c6f-a485-37b0d39af953,9V04GW8VU41,SUP-2177
9c3498ec-5afa-4d99-9566-6818694f30b4,6YF7QC5VE05,SUP-0814
7c364ada-0bef-42ca-b534-cb431408c7c3,3MU3UX0CD24,SUP-2306
7fc3a09a-8209-4d51-859c-5953bb9132c4,5Y55K16WV99,SUP-8040
3c83db63-80db-427a-b2ee-3896adab3ab5,5UG9GG9NU07,SUP-0486
e781489f-c95f-4135-a291-b876836f21da,8NK1AD8FJ35,SUP-1554
2216bf4a-c386-4c23-92fd-2ae457b093cd,5W89AE4RK75,SUP-3773
07549c0e-4530-48bf-b2f1-3f012e0ef38f,3D28T37MH89,SUP-2926
c5a90571-69c6-4428-a712-ecd0b7bf9b84,5E02M85JK19,SUP-4951
e3245eac-44a4-4b76-93a0-5dc2523c1f80,9MV7Y04QY27,SUP-2177
79a39713-bac6-4950-ab14-7a57853ea05d,9C23G16VN81,SUP-4272
88403e67-9c0a-4bd9-a393-9f792d0d92e8,8E78QJ1EX29,SUP-8346
038626fd-3143-4cfb-b044-2abab3dcd33f,7Q83EM8NH08,SUP-5189
d53b8d07-e20c-4428-88fe-eeaed647641c,5J29RW9EP00,SUP-8040
889fe030-8719-4f9e-8adb-e4b7e388f634,9YG9C07CV47,SUP-0731
2d2f263e-6fa0-4774-86ca-d0dfa0c18f5d,5NW5FT0NA97,SUP-8344
a9dcf941-1858-4ba4-a5ef-022c04fa693d,1JC5W24PJ52,SUP-9881
5e72c97f-2d1e-46cc-b61f-417a746f5c8b,1HR7MY3DP49,SUP-8237
0929360f-88ce-43cb-b61d-c2e5db59b1a8,2KD9EM9VW10,SUP-1554
288a4da6-1548-4e4d-acfc-d60b0d630109,8XR1X90AJ17,SUP-3954
fd007948-6651-485f-8ae4-6da6f1a4a84a,5M43E84KE58,SUP-0910
465df8e7-ad20-4af5-8d57-7dc14799e2f8,3N81C41JA02,SUP-1146
2d7ca5f1-9786-407b-b195-6025c378b53a,8D92XW8DF07,SUP-5567
